ID,Status,Title,Description,Size,Year,Artworks Categories,Category Path,Era
1,PUBLISHED,Embrace (2),Mixed Media on Paper,8.0 x 10.0 cm,2021,"[""d8b1485c-9f6e-478e-bf45-a9ec7f4c4196""]",paper-work,2020s
2,PUBLISHED,Adam is Waiting To Eat The Apple,Etching,20.0 x 25.0 cm,1978,"[""fdc7fb9e-fe50-4652-9c23-62bd9ad11ec3""]",printmaking,1970s
3,PUBLISHED,Woman in Love 2,Mixed Media on Paper,41.0 x 49.0 cm,1999,"[""d8b1485c-9f6e-478e-bf45-a9ec7f4c4196""]",paper-work,1990s
4,PUBLISHED,A Tumbler Holds a Woman,Red Chalk on Paper,13.0 x 17.5 cm,2021,"[""d8b1485c-9f6e-478e-bf45-a9ec7f4c4196""]",paper-work,2020s
5,PUBLISHED,Acrobat Dressed as Prince with A Dove,Mixed Media On Canvas,60.0 x 80.0 cm,2014,"[""1e1adc9f-3782-42c0-b084-dafb69444048""]",painting,2010s
6,PUBLISHED,Man in Love (2),Mixed Media on Paper,41.5 x 59.0 cm,1999,"[""d8b1485c-9f6e-478e-bf45-a9ec7f4c4196""]",paper-work,1990s
7,PUBLISHED,Man and Woman with A Red Robe Embroidered,Mixed Media On Canvas,80.0 x 100.0 cm,2014,"[""1e1adc9f-3782-42c0-b084-dafb69444048""]",painting,2010s
8,PUBLISHED,Clown Man in Love,Mixed Media On Canvas,60.0 x 80.0 cm,2013,"[""1e1adc9f-3782-42c0-b084-dafb69444048""]",painting,2010s
9,PUBLISHED,Dove I,Mixed Media On Canvas,40.0 x 45.0 cm,2003,"[""1e1adc9f-3782-42c0-b084-dafb69444048""]",painting,2000s
10,PUBLISHED,Outside of The Box,Etching,24.0 x 30.0 cm,1979,"[""fdc7fb9e-fe50-4652-9c23-62bd9ad11ec3""]",printmaking,1970s
11,PUBLISHED,Head Below Pyramid,Mixed Media on Paper,48.0 x 70.0 cm,1990,"[""fdc7fb9e-fe50-4652-9c23-62bd9ad11ec3""]",printmaking,1990s
12,PUBLISHED,Sexy Game on Table,Mixed Media on Paper,13.8 x 13.8 cm,1989,"[""d8b1485c-9f6e-478e-bf45-a9ec7f4c4196""]",paper-work,1980s
13,PUBLISHED,Man and Woman Head,Etching,40.0 x 49.0 cm,1990,"[""fdc7fb9e-fe50-4652-9c23-62bd9ad11ec3""]",printmaking,1990s
14,PUBLISHED,A Woman Among the Clouds,Mixed Media on Paper,13.0 x 18.0 cm,2020,"[""d8b1485c-9f6e-478e-bf45-a9ec7f4c4196""]",paper-work,2020s
15,PUBLISHED,The Stuntman Who Lost His Colored Balls,Lithograph and Color Stamp,20.0 x 30.0 cm,2020,"[""fdc7fb9e-fe50-4652-9c23-62bd9ad11ec3""]",printmaking,2020s
16,PUBLISHED,Spinning and Caressing,Mixed Media on Paper,20.0 x 30.0 cm,2019,"[""d8b1485c-9f6e-478e-bf45-a9ec7f4c4196""]",paper-work,2010s
17,PUBLISHED,The Gril with The Yellow Dress Dotted with Apples,Mixed Media On Canvas,60.0 x 80.0 cm,2014,"[""1e1adc9f-3782-42c0-b084-dafb69444048""]",painting,2010s
18,PUBLISHED,Man With Book,Indian Ink and Charcoal on Paper,50.0 x 70.0 cm,1978,"[""d8b1485c-9f6e-478e-bf45-a9ec7f4c4196""]",paper-work,1970s
19,PUBLISHED,Woman With Minotaurs Mask,Mixed Media on Paper,70.0 x 100.0 cm,1999,"[""d8b1485c-9f6e-478e-bf45-a9ec7f4c4196""]",paper-work,1990s
20,PUBLISHED,Acrobat Woman,Mixed Media On Canvas,70.0 x 110.0 cm,2002,"[""1e1adc9f-3782-42c0-b084-dafb69444048""]",painting,2000s
21,PUBLISHED,First Kiss,Etching,39.5 x 44.0 cm,2003,"[""fdc7fb9e-fe50-4652-9c23-62bd9ad11ec3""]",printmaking,2000s
22,PUBLISHED,Rubaiyya to Omar Khayyam 1,Etching,50.0 x 70.0 cm,1989,"[""fdc7fb9e-fe50-4652-9c23-62bd9ad11ec3""]",printmaking,1980s
23,PUBLISHED,Doleful Man,Oil on Board,61.0 x 83.0 cm,1976,"[""1e1adc9f-3782-42c0-b084-dafb69444048""]",painting,1970s
24,PUBLISHED,A Dove on A Lover's Shoulder,Mixed Media On Canvas,60.0 x 80.0 cm,2020,"[""1e1adc9f-3782-42c0-b084-dafb69444048""]",painting,2020s
25,PUBLISHED,Man Came to a Deadly Way,Mixed Media On Canvas,75.0 x 90.0 cm,1989,"[""1e1adc9f-3782-42c0-b084-dafb69444048""]",painting,1980s
26,PUBLISHED,Crying,Mixed Media on Paper,20.0 x 24.0 cm,2004,"[""d8b1485c-9f6e-478e-bf45-a9ec7f4c4196""]",paper-work,2000s
27,PUBLISHED,Waiting Woman,Etching,20.0 x 24.4 cm,1978,"[""fdc7fb9e-fe50-4652-9c23-62bd9ad11ec3""]",printmaking,1970s
28,PUBLISHED,Woman's Head at The Pyramid,Drawing on Monotype,48.0 x 70.0 cm,1990,"[""fdc7fb9e-fe50-4652-9c23-62bd9ad11ec3""]",printmaking,1990s
29,PUBLISHED,84g,N/A,30.0 x 35.0 cm,2007,"[""fdc7fb9e-fe50-4652-9c23-62bd9ad11ec3""]",printmaking,2000s
30,PUBLISHED,Dove in The Grip of Leader (2),Mixed Media On Canvas,60.0 x 80.0 cm,2016,"[""1e1adc9f-3782-42c0-b084-dafb69444048""]",painting,2010s
31,PUBLISHED,Hot Kiss II,Mixed Media On Canvas,55.0 x 60.0 cm,2004,"[""1e1adc9f-3782-42c0-b084-dafb69444048""]",painting,2000s
32,PUBLISHED,Man in Love 3,Mixed Media On Canvas,70.0 x 90.0 cm,1999,"[""1e1adc9f-3782-42c0-b084-dafb69444048""]",painting,1990s
33,PUBLISHED,Head Below Cloud,Pencil on Paper,41.6 x 59.0 cm,1980,"[""d8b1485c-9f6e-478e-bf45-a9ec7f4c4196""]",paper-work,1980s
34,PUBLISHED,Man in Love (1),Mixed Media on Paper,41.0 x 49.0 cm,1999,"[""d8b1485c-9f6e-478e-bf45-a9ec7f4c4196""]",paper-work,1990s
35,PUBLISHED,The Lovers,Mixed Media on Paper,60.0 x 80.0 cm,2002,"[""d8b1485c-9f6e-478e-bf45-a9ec7f4c4196""]",paper-work,2000s
36,PUBLISHED,212c,Mixed Media On Canvas,60.0 x 80 .0 cm,2020,"[""1e1adc9f-3782-42c0-b084-dafb69444048""]",painting,2020s
37,PUBLISHED,Embracing (4),Mixed Media on Paper,11.0 x 17.0 cm,2019,"[""d8b1485c-9f6e-478e-bf45-a9ec7f4c4196""]",paper-work,2010s
38,PUBLISHED,The Kiss (Lovers' Face) VI,Mixed Media On Canvas,90.0 x 120.0 cm,2002,"[""1e1adc9f-3782-42c0-b084-dafb69444048""]",painting,2000s
39,PUBLISHED,Man With Cock and Statue's Woman,Mixed Media on Paper,12.0 x 16.0 cm,1998,"[""d8b1485c-9f6e-478e-bf45-a9ec7f4c4196""]",paper-work,1990s
40,PUBLISHED,Beloved's Balcony,Mixed Media On Canvas,60.0 x 60.0 cm,1997,"[""1e1adc9f-3782-42c0-b084-dafb69444048""]",painting,1990s
41,PUBLISHED,Fresco Head,Mixed Media On Canvas,70.0 x 80.0 cm,1989,"[""1e1adc9f-3782-42c0-b084-dafb69444048""]",painting,1980s
42,PUBLISHED,An Interstellar Woman (3),Graphic,13.0 x 18.0 cm,2021,"[""fdc7fb9e-fe50-4652-9c23-62bd9ad11ec3""]",printmaking,2020s
43,PUBLISHED,Love and War III,Mixed Media On Canvas,70.0 x 150.0 cm,1990,"[""1e1adc9f-3782-42c0-b084-dafb69444048""]",painting,1990s
44,PUBLISHED,Woman With an Acrobat I,Mixed Media On Canvas,70.0 x 110.0 cm,2002,"[""1e1adc9f-3782-42c0-b084-dafb69444048""]",painting,2000s
45,PUBLISHED,Downfall From The Pyramid,Mixed Media On Canvas,85.0 x 100.0 cm,1989,"[""1e1adc9f-3782-42c0-b084-dafb69444048""]",painting,1980s
46,PUBLISHED,Clown With Miniature Mask,Mixed Media on Cardboard,63.0 x 90.0 cm,2001,"[""d8b1485c-9f6e-478e-bf45-a9ec7f4c4196""]",paper-work,2000s
47,PUBLISHED,Love Trilogy 3,Etching,37.0 x 50.0 cm,1989,"[""fdc7fb9e-fe50-4652-9c23-62bd9ad11ec3""]",printmaking,1980s
48,PUBLISHED,Play Upon Hillock,Mixed Media On Canvas,60.0 x 60.0 cm,1989,"[""1e1adc9f-3782-42c0-b084-dafb69444048""]",painting,1980s
49,PUBLISHED,Man in Love 1,Mixed Media On Canvas,70.0 x 90.0 cm,1999,"[""1e1adc9f-3782-42c0-b084-dafb69444048""]",painting,1990s
50,PUBLISHED,Man and Woman Among Colorful Flowers,Graphic Print,37.0 x 55.0 cm,2021,"[""fdc7fb9e-fe50-4652-9c23-62bd9ad11ec3""]",printmaking,2020s
51,PUBLISHED,The First Kiss,Mixed Media on Paper,60.0 x 80.0 cm,2002,"[""d8b1485c-9f6e-478e-bf45-a9ec7f4c4196""]",paper-work,2000s
52,PUBLISHED,Reclining on Table,Mixed Media on Paper,20.0 x 21.5 cm,1989,"[""d8b1485c-9f6e-478e-bf45-a9ec7f4c4196""]",paper-work,1980s
53,PUBLISHED,Coloury Kisses at The Pyramid,Mixed Media On Canvas,85.0 x 100.0 cm,1989,"[""1e1adc9f-3782-42c0-b084-dafb69444048""]",painting,1980s
54,PUBLISHED,Embracing (Girl with Genie) II,Mixed Media On Canvas,70.0 x 70.0 cm,2022,"[""1e1adc9f-3782-42c0-b084-dafb69444048""]",painting,2020s
55,PUBLISHED,Couple (Genie with Girl) II,Mixed Media On Canvas,70.0 x 70.0 cm,2023,"[""1e1adc9f-3782-42c0-b084-dafb69444048""]",painting,2020s
56,PUBLISHED,A Woman and A Clown in An Embrace,Mixed Media on Paper,19.0 x 20.0 cm,2020,"[""d8b1485c-9f6e-478e-bf45-a9ec7f4c4196""]",paper-work,2020s
57,PUBLISHED,Man When Moonrise,Etching,12.5 x 16.0 cm,1978,"[""fdc7fb9e-fe50-4652-9c23-62bd9ad11ec3""]",printmaking,1970s
58,PUBLISHED,Kiss in Solitude,Mixed Media On Canvas,60.0 x 60.0 cm,1989,"[""1e1adc9f-3782-42c0-b084-dafb69444048""]",painting,1980s
59,PUBLISHED,Two Dance and Hug,Mixed Media on Paper,12.0 x 26.0 cm,2019,"[""d8b1485c-9f6e-478e-bf45-a9ec7f4c4196""]",paper-work,2010s
60,PUBLISHED,Embracing,Mixed Media on Paper,6.5 x 18.0 cm,2021,"[""d8b1485c-9f6e-478e-bf45-a9ec7f4c4196""]",paper-work,2020s
61,PUBLISHED,Man Seduction Woman,Etching,29.0 x 33.0 cm,1989,"[""fdc7fb9e-fe50-4652-9c23-62bd9ad11ec3""]",printmaking,1980s
62,PUBLISHED,Woman in Love,Mixed Media On Canvas,70.0 x 90.0 cm,2000,"[""1e1adc9f-3782-42c0-b084-dafb69444048""]",painting,2000s
63,PUBLISHED,Woman With Dove III,Mixed Media On Canvas,80.0 x 100.0 cm,2003,"[""1e1adc9f-3782-42c0-b084-dafb69444048""]",painting,2000s
64,PUBLISHED,Woman With OX,Mixed Media On Canvas,50.0 x 70.0 cm,1999,"[""1e1adc9f-3782-42c0-b084-dafb69444048""]",painting,1990s
65,PUBLISHED,The Kiss,Etching,39.5 x 44.0 cm,2003,"[""fdc7fb9e-fe50-4652-9c23-62bd9ad11ec3""]",printmaking,2000s
66,PUBLISHED,Clown With Dove,Mixed Media On Canvas,65.0 x 90.0 cm,2003,"[""1e1adc9f-3782-42c0-b084-dafb69444048""]",painting,2000s
67,PUBLISHED,Man and Woman in Love I,Mixed Media On Canvas,70.0 x 110.0 cm,2002,"[""1e1adc9f-3782-42c0-b084-dafb69444048""]",painting,2000s
68,PUBLISHED,Clown in Love,Etching,70.0 x 100.0 cm,2001,"[""fdc7fb9e-fe50-4652-9c23-62bd9ad11ec3""]",printmaking,2000s
69,PUBLISHED,Man and Woman,Oil on Canvas,56.0 x 75 .0 cm,1978,"[""1e1adc9f-3782-42c0-b084-dafb69444048""]",painting,1970s
70,PUBLISHED,Hot Kiss,Etching,20.0 x 25.0 cm,2004,"[""fdc7fb9e-fe50-4652-9c23-62bd9ad11ec3""]",printmaking,2000s
71,PUBLISHED,Karkoz-Tumbler,Mixed Media On Canvas,30.0 x 35.0 cm,2005,"[""1e1adc9f-3782-42c0-b084-dafb69444048""]",painting,2000s
72,PUBLISHED,Love and War IIII,Mixed Media On Canvas,70.0 x 150.0 cm,1990,"[""1e1adc9f-3782-42c0-b084-dafb69444048""]",painting,1990s
73,PUBLISHED,Kisses Without End,Oil On Canvas,70.0 x 80.0 cm,1989,"[""1e1adc9f-3782-42c0-b084-dafb69444048""]",painting,1980s
74,PUBLISHED,The Girl with The Black Dress Dotted Hearts,Mixed Media On Canvas,60.0 x 80.0 cm,2014,"[""1e1adc9f-3782-42c0-b084-dafb69444048""]",painting,2010s
75,PUBLISHED,Heads and Helmets,Mixed Media on Paper,50.0 x 70.0 cm,1990,"[""d8b1485c-9f6e-478e-bf45-a9ec7f4c4196""]",paper-work,1990s
76,PUBLISHED,Couple Among the Flowers (2),Graphic,19.0 x 26.0 cm,2021,"[""fdc7fb9e-fe50-4652-9c23-62bd9ad11ec3""]",printmaking,2020s
77,PUBLISHED,Clown With Woman in Love,Mixed Media on Paper,70.0 x 100.0 cm,1999,"[""d8b1485c-9f6e-478e-bf45-a9ec7f4c4196""]",paper-work,1990s
78,PUBLISHED,Dreamer Woman,Mixed Media on Paper,50.0 x 70.0 cm,1998,"[""d8b1485c-9f6e-478e-bf45-a9ec7f4c4196""]",paper-work,1990s
79,PUBLISHED,The Acrobat and The Dove,Mixed Media on Paper,37.0 x 55.0 cm,2007,"[""d8b1485c-9f6e-478e-bf45-a9ec7f4c4196""]",paper-work,2000s
80,PUBLISHED,Woman With Dove,Mixed Media on Paper,56.0 x 78.0 cm,2003,"[""d8b1485c-9f6e-478e-bf45-a9ec7f4c4196""]",paper-work,2000s
81,PUBLISHED,Rumination,Mixed Media On Canvas,60.0 x 60.0 cm,1989,"[""1e1adc9f-3782-42c0-b084-dafb69444048""]",painting,1980s
82,PUBLISHED,Embracing (Girl with Genie) I,Mixed Media On Canvas,70.0 x 70.0 cm,2022,"[""1e1adc9f-3782-42c0-b084-dafb69444048""]",painting,2020s
83,PUBLISHED,Woman in Love 2,Mixed Media On Canvas,70.0 x 90.0 cm,1999,"[""1e1adc9f-3782-42c0-b084-dafb69444048""]",painting,1990s
84,PUBLISHED,Man and Woman,Mixed Media on Paper,50.0 x 50.0 cm,2000,"[""d8b1485c-9f6e-478e-bf45-a9ec7f4c4196""]",paper-work,2000s
85,PUBLISHED,Couple (Genie with Girl) III,Mixed Media On Canvas,70.0 x 70.0 cm,2025,"[""1e1adc9f-3782-42c0-b084-dafb69444048""]",painting,2020s
86,PUBLISHED,Man and Woman Among Colorful Flowers (2),A/P Graphic Print,37.0 x 55.0 cm,2021,"[""fdc7fb9e-fe50-4652-9c23-62bd9ad11ec3""]",printmaking,2020s
87,PUBLISHED,Disturbed Man,Mixed Media On Canvas,75.0 x 85.0 cm,1989,"[""1e1adc9f-3782-42c0-b084-dafb69444048""]",painting,1980s
88,PUBLISHED,Sad Clown Face,Mixed Media on Paper,22.5 x 29.5 cm,2009,"[""d8b1485c-9f6e-478e-bf45-a9ec7f4c4196""]",paper-work,2000s
89,PUBLISHED,Harlequin Sitting on Table,Mixed Media on Paper,13.8 x 13.8 cm,1989,"[""d8b1485c-9f6e-478e-bf45-a9ec7f4c4196""]",paper-work,1980s
90,PUBLISHED,Embracing,Lithograph and Stamp Screen,30.0 x 35.0 cm,2020,"[""fdc7fb9e-fe50-4652-9c23-62bd9ad11ec3""]",printmaking,2020s
91,PUBLISHED,Woman Scared with A Dove,Mixed Media On Canvas,60.0 x 80.0 cm,2016,"[""1e1adc9f-3782-42c0-b084-dafb69444048""]",painting,2010s
92,PUBLISHED,Dramatic Woman,Mixed Media on Paper,50.0 x 70.0 cm,1998,"[""d8b1485c-9f6e-478e-bf45-a9ec7f4c4196""]",paper-work,1990s
93,PUBLISHED,Man With Hat II,Pencil on Paper,50.0 x 70.0 cm,1978,"[""d8b1485c-9f6e-478e-bf45-a9ec7f4c4196""]",paper-work,1970s
94,PUBLISHED,Head Over Heels Man Beside a Door,Etching,20.0 x 25.0 cm,1978,"[""fdc7fb9e-fe50-4652-9c23-62bd9ad11ec3""]",printmaking,1970s
95,PUBLISHED,The Kiss (Lovers' Face) V,Mixed Media On Canvas,90.0 x 120.0 cm,2002,"[""1e1adc9f-3782-42c0-b084-dafb69444048""]",painting,2000s
96,PUBLISHED,Relax After Embrace,Mixed Media On Canvas,80.0 x 100.0 cm,1990,"[""1e1adc9f-3782-42c0-b084-dafb69444048""]",painting,1990s
97,PUBLISHED,Man With Dove (3),Mixed Media on Paper,56.0 x 76.0 cm,2003,"[""d8b1485c-9f6e-478e-bf45-a9ec7f4c4196""]",paper-work,2000s
98,PUBLISHED,The First Kiss (Lovers' Face)VII,Mixed Media On Canvas,94.0 x 128.0 cm,2002,"[""1e1adc9f-3782-42c0-b084-dafb69444048""]",painting,2000s
99,PUBLISHED,Portrait For Woman,Water Colors on Paper,50.0 x 70.0 cm,1978,"[""d8b1485c-9f6e-478e-bf45-a9ec7f4c4196""]",paper-work,1970s
100,PUBLISHED,Acrobat and Girl with The Yellow Dress Flowered,Mixed Media On Canvas,80.0 x 100.0 cm,2014,"[""1e1adc9f-3782-42c0-b084-dafb69444048""]",painting,2010s
101,PUBLISHED,The Man Broken Heart,Water Colors on Paper,50.0 x 70.0 cm,1977,"[""d8b1485c-9f6e-478e-bf45-a9ec7f4c4196""]",paper-work,1970s
102,PUBLISHED,Dropping Next to Wall II,Oil on Canvas,100.0 x 100.0 cm,1979,"[""1e1adc9f-3782-42c0-b084-dafb69444048""]",painting,1970s
103,PUBLISHED,Guard Hell,Etching,19.7 x 25.0 cm,1978,"[""fdc7fb9e-fe50-4652-9c23-62bd9ad11ec3""]",printmaking,1970s
104,PUBLISHED,Two Head Reclining,Mixed Media On Canvas,75.0 x 90.0 cm,1990,"[""1e1adc9f-3782-42c0-b084-dafb69444048""]",painting,1990s
105,PUBLISHED,Man in Love 4,Mixed Media On Canvas,70.0 x 90.0 cm,1999,"[""1e1adc9f-3782-42c0-b084-dafb69444048""]",painting,1990s
106,PUBLISHED,Man on Couch,Pencil on Paper,50.0 x 70.0 cm,1977,"[""d8b1485c-9f6e-478e-bf45-a9ec7f4c4196""]",paper-work,1970s
107,PUBLISHED,Woman from The Past,Drawing on Lithograph,18.0 x 30.0 cm,2021,"[""fdc7fb9e-fe50-4652-9c23-62bd9ad11ec3""]",printmaking,2020s
108,PUBLISHED,The Life Fane,Mixed Media on Paper,46.0 x 51.0 cm,1979,"[""d8b1485c-9f6e-478e-bf45-a9ec7f4c4196""]",paper-work,1970s
109,PUBLISHED,Girl and Genin,Mixed Media on Paper,14.0 x 20.0 cm,2020,"[""d8b1485c-9f6e-478e-bf45-a9ec7f4c4196""]",paper-work,2020s
110,PUBLISHED,Hot Kiss,Mixed Media on Paper,36.0 x 50.0 cm,2004,"[""d8b1485c-9f6e-478e-bf45-a9ec7f4c4196""]",paper-work,2000s
111,PUBLISHED,Alone Man on Chair,Oil On Canvas,130.0 x 130.0 cm,1988,"[""1e1adc9f-3782-42c0-b084-dafb69444048""]",painting,1980s
112,PUBLISHED,Helmeted Head Lying Down,Mixed Media on Paper,50.0 x 70.0 cm,1990,"[""d8b1485c-9f6e-478e-bf45-a9ec7f4c4196""]",paper-work,1990s
113,PUBLISHED,The View is End,Mixed Media on Paper,26.8 x 29.5 cm,1989,"[""d8b1485c-9f6e-478e-bf45-a9ec7f4c4196""]",paper-work,1980s
114,PUBLISHED,Man in Love 2,Mixed Media On Canvas,70.0 x 90.0 cm,1999,"[""1e1adc9f-3782-42c0-b084-dafb69444048""]",painting,1990s
115,PUBLISHED,Woman Sleeping,Mixed Media on Paper,12.0 x 16.0 cm,1998,"[""d8b1485c-9f6e-478e-bf45-a9ec7f4c4196""]",paper-work,1990s
116,PUBLISHED,The Dancer and The Acrobats,Mixed Media On Canvas,70.0 x 150.0 cm,2022,"[""1e1adc9f-3782-42c0-b084-dafb69444048""]",painting,2020s
117,PUBLISHED,The Kiss (Lovers' Face) IV,Mixed Media On Canvas,90.0 x 120.0 cm,2002,"[""1e1adc9f-3782-42c0-b084-dafb69444048""]",painting,2000s
118,PUBLISHED,Rubaiyya to Omar Khayyam 2,Etching,50.0 x 70.0 cm,1989,"[""fdc7fb9e-fe50-4652-9c23-62bd9ad11ec3""]",printmaking,1980s
119,PUBLISHED,Woman With Dove (2),Mixed Media on Paper,60.0 x 80.0 cm,2006,"[""d8b1485c-9f6e-478e-bf45-a9ec7f4c4196""]",paper-work,2000s
120,PUBLISHED,Love and War I,Mixed Media On Canvas,70.0 x 150.0 cm,1990,"[""1e1adc9f-3782-42c0-b084-dafb69444048""]",painting,1990s
121,PUBLISHED,Cornice,Mixed Media On Canvas,60.0 x 60.0 cm,1996,"[""1e1adc9f-3782-42c0-b084-dafb69444048""]",painting,1990s
122,PUBLISHED,Kisses Fever,Mixed Media on Paper,50.0 x 50.0 cm,2002,"[""d8b1485c-9f6e-478e-bf45-a9ec7f4c4196""]",paper-work,2000s
123,PUBLISHED,Embracing (5),Mixed Media on Paper,11.0 x 20.0 cm,2019,"[""d8b1485c-9f6e-478e-bf45-a9ec7f4c4196""]",paper-work,2010s
124,PUBLISHED,Crying Face,Etching,20.0 x 25.0 cm,2004,"[""fdc7fb9e-fe50-4652-9c23-62bd9ad11ec3""]",printmaking,2000s
125,PUBLISHED,Kiss in Through Air at The Pyramid,Mixed Media On Canvas,58.0 x 100.0 cm,1989,"[""1e1adc9f-3782-42c0-b084-dafb69444048""]",painting,1980s
126,PUBLISHED,Head Fall From Pyramid,Drawing on Monotype,48.0 x 70.0 cm,1990,"[""fdc7fb9e-fe50-4652-9c23-62bd9ad11ec3""]",printmaking,1990s
127,PUBLISHED,The Printing Handlers,Wood Cut,31.0 x 31.0 cm,1978,"[""fdc7fb9e-fe50-4652-9c23-62bd9ad11ec3""]",printmaking,1970s
128,PUBLISHED,The Kiss (2),Etching,11.5 x 15.0 cm,2003,"[""fdc7fb9e-fe50-4652-9c23-62bd9ad11ec3""]",printmaking,2000s
129,PUBLISHED,Group with Dove,Mixed Media On Canvas,70.0 x 90.0 cm,2012,"[""1e1adc9f-3782-42c0-b084-dafb69444048""]",painting,2010s
130,PUBLISHED,The Loving Woman With Dove,Mixed Media on Paper,56.0 x 78.0 cm,2003,"[""d8b1485c-9f6e-478e-bf45-a9ec7f4c4196""]",paper-work,2000s
131,PUBLISHED,Couple,Mixed Media on Paper,50.0 x 55.0 cm,2000,"[""d8b1485c-9f6e-478e-bf45-a9ec7f4c4196""]",paper-work,2000s
132,PUBLISHED,Man Seduces a Woman,Etching,50.0 x 70.0 cm,1989,"[""fdc7fb9e-fe50-4652-9c23-62bd9ad11ec3""]",printmaking,1980s
133,PUBLISHED,Embracing (1),Mixed Media on Paper,11.0 x 20.0 cm,2019,"[""d8b1485c-9f6e-478e-bf45-a9ec7f4c4196""]",paper-work,2010s
134,PUBLISHED,Woman By Soft Hair,Pencil on Paper,50.0 x 70.0 cm,1978,"[""d8b1485c-9f6e-478e-bf45-a9ec7f4c4196""]",paper-work,1970s
135,PUBLISHED,82g,N/A,30.0 x 35.0 cm,2007,"[""fdc7fb9e-fe50-4652-9c23-62bd9ad11ec3""]",printmaking,2000s
136,PUBLISHED,Man With OX,Mixed Media On Canvas,100.0 x 150.0 cm,2000,"[""1e1adc9f-3782-42c0-b084-dafb69444048""]",painting,2000s
137,PUBLISHED,Man and Women with Table,Mixed Media on Paper,25.8 x 72.0 cm,1989,"[""d8b1485c-9f6e-478e-bf45-a9ec7f4c4196""]",paper-work,1980s
138,PUBLISHED,The Wall Prisoner,Silk Screen ,22.0 x 29.0 cm,1979,"[""fdc7fb9e-fe50-4652-9c23-62bd9ad11ec3""]",printmaking,1970s
139,PUBLISHED,Old Man With Bottle,Pencil on Paper,41.0 x 59.0 cm,1978,"[""d8b1485c-9f6e-478e-bf45-a9ec7f4c4196""]",paper-work,1970s
140,PUBLISHED,Woman Washing,Mixed Media on Paper,12.0 x 16.0 cm,1998,"[""d8b1485c-9f6e-478e-bf45-a9ec7f4c4196""]",paper-work,1990s
141,PUBLISHED,81g,N/A,30.0 x 35.0 cm,2007,"[""fdc7fb9e-fe50-4652-9c23-62bd9ad11ec3""]",printmaking,2000s
142,PUBLISHED,An Interstellar Woman (2),Graphic,13.0 x 18.0 cm,2021,"[""fdc7fb9e-fe50-4652-9c23-62bd9ad11ec3""]",printmaking,2020s
143,PUBLISHED,Woman With a Man Chair,Mixed Media on Paper,17.0 x 19.8 cm,1989,"[""d8b1485c-9f6e-478e-bf45-a9ec7f4c4196""]",paper-work,1980s
144,PUBLISHED,Untitle II,Etching,24.5 x 27.0 cm,1979,"[""fdc7fb9e-fe50-4652-9c23-62bd9ad11ec3""]",printmaking,1970s
145,PUBLISHED,Dropping Next to Wall,Oil on Canvas,100.0 x 300.0 cm,1979,"[""1e1adc9f-3782-42c0-b084-dafb69444048""]",painting,1970s
146,PUBLISHED,Dancing on Bed,Mixed Media on Paper,20.0 x 22.0 cm,2020,"[""d8b1485c-9f6e-478e-bf45-a9ec7f4c4196""]",paper-work,2020s
147,PUBLISHED,Woman Indigo Gown Supplier,Mixed Media On Canvas,60.0 x 80.0 cm,2014,"[""1e1adc9f-3782-42c0-b084-dafb69444048""]",painting,2010s
148,PUBLISHED,Man in Love 5,Mixed Media On Canvas,70.0 x 90.0 cm,1999,"[""1e1adc9f-3782-42c0-b084-dafb69444048""]",painting,1990s
149,PUBLISHED,Clown 3,Drawing on a Graphic Edition,50.0 x 60.0 cm,2014,"[""fdc7fb9e-fe50-4652-9c23-62bd9ad11ec3""]",printmaking,2010s
150,PUBLISHED,It Happened on The Table,Mixed Media on Paper,37.5 x 44.5 cm,1989,"[""d8b1485c-9f6e-478e-bf45-a9ec7f4c4196""]",paper-work,1980s
151,PUBLISHED,Woman With Dove IV,Mixed Media On Canvas,80.0 x 100.0 cm,2003,"[""1e1adc9f-3782-42c0-b084-dafb69444048""]",painting,2000s
152,PUBLISHED,Two Heads in A Relationship I,Mixed Media on Paper,50.0 x 70.0 cm,1990,"[""d8b1485c-9f6e-478e-bf45-a9ec7f4c4196""]",paper-work,1990s
153,PUBLISHED,Love Trilogy 1,Etching,37.0 x 50.0 cm,1989,"[""fdc7fb9e-fe50-4652-9c23-62bd9ad11ec3""]",printmaking,1980s
154,PUBLISHED,To Make Love on Table 2,Drypoint on Plastic,33.5 x 37.5 cm,1989,"[""fdc7fb9e-fe50-4652-9c23-62bd9ad11ec3""]",printmaking,1980s
155,PUBLISHED,Acrobat Man,Mixed Media On Canvas,70.0 x 110.0 cm,2002,"[""1e1adc9f-3782-42c0-b084-dafb69444048""]",painting,2000s
156,PUBLISHED,King and Queen,Etching,70.0 x 100.0 cm,2001,"[""fdc7fb9e-fe50-4652-9c23-62bd9ad11ec3""]",printmaking,2000s
157,PUBLISHED,Man With a Hat With Dove,Mixed Media on Paper,56.0 x 78.0 cm,2003,"[""d8b1485c-9f6e-478e-bf45-a9ec7f4c4196""]",paper-work,2000s
158,PUBLISHED,Circus Players Rest,Intaglio,50.0 x 34.0 cm,2002,"[""fdc7fb9e-fe50-4652-9c23-62bd9ad11ec3""]",printmaking,2000s
159,PUBLISHED,Two Heads in A Relationship III,Mixed Media on Paper,50.0 x 70.0 cm,1990,"[""d8b1485c-9f6e-478e-bf45-a9ec7f4c4196""]",paper-work,1990s
160,PUBLISHED,The Love and War,Mixed Media on Paper,13.8 x 13.8 cm,1989,"[""d8b1485c-9f6e-478e-bf45-a9ec7f4c4196""]",paper-work,1980s
161,PUBLISHED,Sketch Portrait,Pencil on Paper,20.0 x 30.0 cm,1979,"[""d8b1485c-9f6e-478e-bf45-a9ec7f4c4196""]",paper-work,1970s
162,PUBLISHED,Al Kerkoz Beau,Mixed Media On Canvas,60.0 x 80.0 cm,2008,"[""1e1adc9f-3782-42c0-b084-dafb69444048""]",painting,2000s
163,PUBLISHED,Embracing (3),Mixed Media on Paper,11.0 x 20.0 cm,2019,"[""d8b1485c-9f6e-478e-bf45-a9ec7f4c4196""]",paper-work,2010s
164,PUBLISHED,Couple (2),Mixed Media on Paper,50.0 x 55.0 cm,2000,"[""d8b1485c-9f6e-478e-bf45-a9ec7f4c4196""]",paper-work,2000s
165,PUBLISHED,Clown With Dove,Mixed Media on Paper,26.0 x 30.0 cm,2003,"[""d8b1485c-9f6e-478e-bf45-a9ec7f4c4196""]",paper-work,2000s
166,PUBLISHED,Collapse Behind Barricades,Etching,30.5 x 31.5 cm,1979,"[""fdc7fb9e-fe50-4652-9c23-62bd9ad11ec3""]",printmaking,1970s
167,PUBLISHED,Personal Effects on Coast,Etching,29.5 x 39.5 cm,1978,"[""fdc7fb9e-fe50-4652-9c23-62bd9ad11ec3""]",printmaking,1970s
168,PUBLISHED,The Kiss (Lovers' Face) VII,Mixed Media On Canvas,90.0 x 120.0 cm,2002,"[""1e1adc9f-3782-42c0-b084-dafb69444048""]",painting,2000s
169,PUBLISHED,The Dance,Mixed Media on Paper,18.0 x 30.0 cm,2021,"[""d8b1485c-9f6e-478e-bf45-a9ec7f4c4196""]",paper-work,2020s
170,PUBLISHED,Woman in Love 1,Mixed Media on Paper,50.0 x 70.0 cm,1999,"[""d8b1485c-9f6e-478e-bf45-a9ec7f4c4196""]",paper-work,1990s
171,PUBLISHED,The Hot Box,Etching,24.0 x 29.5 cm,1979,"[""fdc7fb9e-fe50-4652-9c23-62bd9ad11ec3""]",printmaking,1970s
172,PUBLISHED,Portrait to lover 1,Etching,24.0 x 37.0 cm,2011,"[""fdc7fb9e-fe50-4652-9c23-62bd9ad11ec3""]",printmaking,2010s
173,PUBLISHED,Dove,Etching,39.5 x 44.0 cm,2003,"[""fdc7fb9e-fe50-4652-9c23-62bd9ad11ec3""]",printmaking,2000s
174,PUBLISHED,The Disclosure of Lover,Mixed Media On Canvas,80.0 x 100.0 cm,2015,"[""1e1adc9f-3782-42c0-b084-dafb69444048""]",painting,2010s
175,PUBLISHED,Couple (Genie with Girl) I,Mixed Media On Canvas,70.0 x 70.0 cm,2022,"[""1e1adc9f-3782-42c0-b084-dafb69444048""]",painting,2020s
176,PUBLISHED,Love Trilogy 2,Etching,37.0 x 50.0 cm,1989,"[""fdc7fb9e-fe50-4652-9c23-62bd9ad11ec3""]",printmaking,1980s
177,PUBLISHED,Clown 1,Drawing on a Graphic Edition,50.0 x 60.0 cm,2014,"[""fdc7fb9e-fe50-4652-9c23-62bd9ad11ec3""]",printmaking,2010s
178,PUBLISHED,Head and Globule,Pencil on Paper,41.6 x 59.0 cm,1980,"[""d8b1485c-9f6e-478e-bf45-a9ec7f4c4196""]",paper-work,1980s
179,PUBLISHED,Rubaiyya to Omar Khayyam 3,Etching,50.0 x 70.0 cm,1989,"[""fdc7fb9e-fe50-4652-9c23-62bd9ad11ec3""]",printmaking,1980s
180,PUBLISHED,Beau in A Bygone Time,Mixed Media On Canvas,60.0 x 80.0 cm,2016,"[""1e1adc9f-3782-42c0-b084-dafb69444048""]",painting,2010s
181,PUBLISHED,Man with Dove,Mixed Media On Canvas,70.0 x 90.0 cm,2012,"[""1e1adc9f-3782-42c0-b084-dafb69444048""]",painting,2010s
182,PUBLISHED,A Woman in Turquoise Water,Drawing on Lithograph,18.0 x 30.0 cm,2020,"[""fdc7fb9e-fe50-4652-9c23-62bd9ad11ec3""]",printmaking,2020s
183,PUBLISHED,Man With Taurus,Etching,70.0 x 100.0 cm,2001,"[""fdc7fb9e-fe50-4652-9c23-62bd9ad11ec3""]",printmaking,2000s
184,PUBLISHED,Circus Players Rest 3,Mixed Media on Paper,50.0 x 34.0 cm,2002,"[""fdc7fb9e-fe50-4652-9c23-62bd9ad11ec3""]",printmaking,2000s
185,PUBLISHED,85g,N/A,30.0 x 35.0 cm,2007,"[""fdc7fb9e-fe50-4652-9c23-62bd9ad11ec3""]",printmaking,2000s
186,PUBLISHED,The First Kiss (Lovers' Face) V,Mixed Media On Canvas,94.0 x 128.0 cm,2002,"[""1e1adc9f-3782-42c0-b084-dafb69444048""]",painting,2000s
187,PUBLISHED,Woman in Love 1,Mixed Media On Canvas,60.0 x 80.0 cm,1999,"[""1e1adc9f-3782-42c0-b084-dafb69444048""]",painting,1990s
188,PUBLISHED,Two Woman with Dove,Mixed Media On Canvas,70.0 x 90.0 cm,2012,"[""1e1adc9f-3782-42c0-b084-dafb69444048""]",painting,2010s
189,PUBLISHED,Woman With an Acrobat II,Mixed Media On Canvas,70.0 x 110.0 cm,2002,"[""1e1adc9f-3782-42c0-b084-dafb69444048""]",painting,2000s
190,PUBLISHED,Man With Dove IV,Mixed Media On Canvas,65.0 x 90.0 cm,2003,"[""1e1adc9f-3782-42c0-b084-dafb69444048""]",painting,2000s
191,PUBLISHED,The Kiss (3),Mixed Media on Paper,23.5 x 29.0 cm,2004,"[""d8b1485c-9f6e-478e-bf45-a9ec7f4c4196""]",paper-work,2000s
192,PUBLISHED,Couple at The Pyramid,Mixed Media On Canvas,85.0 x 100.0 cm,1989,"[""1e1adc9f-3782-42c0-b084-dafb69444048""]",painting,1980s
193,PUBLISHED,King's Helmet,Mixed Media On Canvas,60.0 x 60.0 cm,1989,"[""1e1adc9f-3782-42c0-b084-dafb69444048""]",painting,1980s
194,PUBLISHED,The Queen in Love,Mixed Media On Canvas,66.0 x 91.0 cm,2018,"[""1e1adc9f-3782-42c0-b084-dafb69444048""]",painting,2010s
195,PUBLISHED,Man With Hat I,Pencil on Paper,50.0 x 70.0 cm,1977,"[""d8b1485c-9f6e-478e-bf45-a9ec7f4c4196""]",paper-work,1970s
196,PUBLISHED,Two Woman Nude With Cigarette,Pencil on Paper,50.0 x 70.0 cm,1979,"[""d8b1485c-9f6e-478e-bf45-a9ec7f4c4196""]",paper-work,1970s
197,PUBLISHED,Mottled Head,Mixed Media On Canvas,70.0 x 80.0 cm,1989,"[""1e1adc9f-3782-42c0-b084-dafb69444048""]",painting,1980s
198,PUBLISHED,Dove XX,Mixed Media On Canvas,40.0 x 45.0 cm,2003,"[""1e1adc9f-3782-42c0-b084-dafb69444048""]",painting,2000s
199,PUBLISHED,Man With Dove I,Mixed Media On Canvas,80.0 x 100.0 cm,2003,"[""1e1adc9f-3782-42c0-b084-dafb69444048""]",painting,2000s
200,PUBLISHED,Woman With Dove I,Mixed Media On Canvas,80.0 x 100.0 cm,2003,"[""1e1adc9f-3782-42c0-b084-dafb69444048""]",painting,2000s
201,PUBLISHED,Dropping Next to Wall III,Oil on Canvas,100.0 x 100.0 cm,1979,"[""1e1adc9f-3782-42c0-b084-dafb69444048""]",painting,1970s
202,PUBLISHED,Dove VI,Mixed Media On Canvas,40.0 x 45.0 cm,2003,"[""1e1adc9f-3782-42c0-b084-dafb69444048""]",painting,2000s
203,PUBLISHED,Couple in A Decorated Frame (2),A/P Graphic Print,37.0 x 55.0 cm,2021,"[""fdc7fb9e-fe50-4652-9c23-62bd9ad11ec3""]",printmaking,2020s
204,PUBLISHED,The Face of a Clown,Mixed Media on Paper,22.5 x 29.5 cm,2009,"[""d8b1485c-9f6e-478e-bf45-a9ec7f4c4196""]",paper-work,2000s
205,PUBLISHED,Clown with Dove,Mixed Media On Canvas,60.0 x 80.0 cm,2016,"[""1e1adc9f-3782-42c0-b084-dafb69444048""]",painting,2010s
206,PUBLISHED,The Kiss (2),Mixed Media on Paper,60.0 x 80.0 cm,2002,"[""d8b1485c-9f6e-478e-bf45-a9ec7f4c4196""]",paper-work,2000s
207,PUBLISHED,Untitle I,Etching,23.5 x 28.5 cm,1979,"[""fdc7fb9e-fe50-4652-9c23-62bd9ad11ec3""]",printmaking,1970s
208,PUBLISHED,Man and Woman in Love III,Mixed Media On Canvas,70.0 x 110.0 cm,2002,"[""1e1adc9f-3782-42c0-b084-dafb69444048""]",painting,2000s
209,PUBLISHED,Bloody Dramatic Scene,Oil On Canvas,75.0 x 90.0 cm,1989,"[""1e1adc9f-3782-42c0-b084-dafb69444048""]",painting,1980s
210,PUBLISHED,Two Heads in A Relationship II,Mixed Media on Paper,50.0 x 70.0 cm,1990,"[""d8b1485c-9f6e-478e-bf45-a9ec7f4c4196""]",paper-work,1990s
211,PUBLISHED,The Kiss (Lovers' Face)VIII,Mixed Media On Canvas,90.0 x 120.0 cm,2002,"[""1e1adc9f-3782-42c0-b084-dafb69444048""]",painting,2000s
212,PUBLISHED,Couple Reclining at The Pyramid,Mixed Media On Canvas,85.0 x 100.0 cm,1989,"[""1e1adc9f-3782-42c0-b084-dafb69444048""]",painting,1980s
213,PUBLISHED,Assassination,Etching,23.5 x 30.0 cm,1979,"[""fdc7fb9e-fe50-4652-9c23-62bd9ad11ec3""]",printmaking,1970s
214,PUBLISHED,Dropping Next to Wall I,Oil on Canvas,100.0 x 100.0 cm,1979,"[""1e1adc9f-3782-42c0-b084-dafb69444048""]",painting,1970s
215,PUBLISHED,Friends Travelling,Pencil on Paper,49.0 x 60.0 cm,1979,"[""d8b1485c-9f6e-478e-bf45-a9ec7f4c4196""]",paper-work,1970s
216,PUBLISHED,October Blood (boy and Dove),Mixed Media On Canvas,60.0 x 80.0 cm,2019,"[""1e1adc9f-3782-42c0-b084-dafb69444048""]",painting,2010s
217,PUBLISHED,Couple Among the Flowers,Graphic,8.0 x 10.0 cm,2021,"[""fdc7fb9e-fe50-4652-9c23-62bd9ad11ec3""]",printmaking,2020s
218,PUBLISHED,The Kiss,Mixed Media on Paper,16.0 x 19.0 cm,2002,"[""d8b1485c-9f6e-478e-bf45-a9ec7f4c4196""]",paper-work,2000s
219,PUBLISHED,The Martyr,Silk Screen,49.0 x 56.0 cm,1978,"[""fdc7fb9e-fe50-4652-9c23-62bd9ad11ec3""]",printmaking,1970s
220,PUBLISHED,Escapism,Intaglio,25.0 x 29.5 cm,1978,"[""fdc7fb9e-fe50-4652-9c23-62bd9ad11ec3""]",printmaking,1970s
221,PUBLISHED,Woman in Dream Land,Etching,24.5 x 32.0 cm,1979,"[""fdc7fb9e-fe50-4652-9c23-62bd9ad11ec3""]",printmaking,1970s
222,PUBLISHED,Dancing with Colored Balls,Lithograph and Stamp Screen,30.0 x 35.0 cm,2020,"[""fdc7fb9e-fe50-4652-9c23-62bd9ad11ec3""]",printmaking,2020s
223,PUBLISHED,Woman With Mask,Mixed Media on Paper,70.0 x 100.0 cm,2001,"[""d8b1485c-9f6e-478e-bf45-a9ec7f4c4196""]",paper-work,2000s
224,PUBLISHED,Execution Cause,Etching,24.5 x 30.0 cm,1979,"[""fdc7fb9e-fe50-4652-9c23-62bd9ad11ec3""]",printmaking,1970s
225,PUBLISHED,The Severed Head,Mixed Media on Paper,48.0 x 70.0 cm,1990,"[""fdc7fb9e-fe50-4652-9c23-62bd9ad11ec3""]",printmaking,1990s
226,PUBLISHED,Wall of jerusalem 1,Mixed Media On Canvas,60.0 x 60.0 cm,1996,"[""1e1adc9f-3782-42c0-b084-dafb69444048""]",painting,1990s
227,PUBLISHED,An Interstellar Woman,Graphic,13.0 x 18.0 cm,2021,"[""fdc7fb9e-fe50-4652-9c23-62bd9ad11ec3""]",printmaking,2020s
228,PUBLISHED,Embarc at The Pyramid,Mixed Media On Canvas,85.0 x 100.0 cm,1989,"[""1e1adc9f-3782-42c0-b084-dafb69444048""]",painting,1980s
229,PUBLISHED,Embracing (2),Mixed Media on Paper,11.0 x 20.0 cm,2019,"[""d8b1485c-9f6e-478e-bf45-a9ec7f4c4196""]",paper-work,2010s
230,PUBLISHED,Love of The Presence of God,Mixed Media on Board,50.0 x 70.0 cm,1999,"[""d8b1485c-9f6e-478e-bf45-a9ec7f4c4196""]",paper-work,1990s
231,PUBLISHED,Man and Woman in Love II,Mixed Media On Canvas,70.0 x 110.0 cm,2002,"[""1e1adc9f-3782-42c0-b084-dafb69444048""]",painting,2000s
232,PUBLISHED,Two Head in an Embrace,Mixed Media on Paper,52.0 x 64.0 cm,1989,"[""d8b1485c-9f6e-478e-bf45-a9ec7f4c4196""]",paper-work,1980s
233,PUBLISHED,Circus Players on The Rope,Mixed Media On Canvas,77.0 x 107.0 cm,2021,"[""1e1adc9f-3782-42c0-b084-dafb69444048""]",painting,2020s
234,PUBLISHED,Man With Dove (2),Mixed Media on Paper,56.0 x 76.0 cm,2003,"[""d8b1485c-9f6e-478e-bf45-a9ec7f4c4196""]",paper-work,2000s
235,PUBLISHED,Bleeding,Etching,23.5 x 30.0 cm,1979,"[""fdc7fb9e-fe50-4652-9c23-62bd9ad11ec3""]",printmaking,1970s
236,PUBLISHED,The First Kiss (Lovers' Face) IV,Mixed Media On Canvas,94.0 x 128.0 cm,2002,"[""1e1adc9f-3782-42c0-b084-dafb69444048""]",painting,2000s
237,PUBLISHED,Face with A Cigarette,Pencil with Colors,15.0 x 23.0 cm,2020,"[""d8b1485c-9f6e-478e-bf45-a9ec7f4c4196""]",paper-work,2020s
238,PUBLISHED,Woman With an Acrobat V,Mixed Media On Canvas,90.0 x 120.0 cm,2002,"[""1e1adc9f-3782-42c0-b084-dafb69444048""]",painting,2000s
239,PUBLISHED,An Interstellar Woman (5),Graphic,13.0 x 18.0 cm,2021,"[""fdc7fb9e-fe50-4652-9c23-62bd9ad11ec3""]",printmaking,2020s
240,PUBLISHED,Lovers Woman,Mixed Media On Canvas,60.0 x 80.0 cm,2020,"[""1e1adc9f-3782-42c0-b084-dafb69444048""]",painting,2020s
241,PUBLISHED,Zumba Dance,Mixed Media on Paper,12.0 x 20.0 cm,2020,"[""d8b1485c-9f6e-478e-bf45-a9ec7f4c4196""]",paper-work,2020s
242,PUBLISHED,The Game is Over,Pencil on Paper,50.0 x 60.0 cm,1979,"[""d8b1485c-9f6e-478e-bf45-a9ec7f4c4196""]",paper-work,1970s
243,PUBLISHED,Two Sleeping Heads II,Mixed Media on Paper,52.0 x 64.0 cm,1989,"[""d8b1485c-9f6e-478e-bf45-a9ec7f4c4196""]",paper-work,1980s
244,PUBLISHED,Couple in Dark Night,Mixed Media On Canvas,70.0 x 80.0 cm,1990,"[""1e1adc9f-3782-42c0-b084-dafb69444048""]",painting,1990s
245,PUBLISHED,A Pile of Heads and Helmets,Mixed Media on Paper,50.0 x 70.0 cm,1990,"[""d8b1485c-9f6e-478e-bf45-a9ec7f4c4196""]",paper-work,1990s
246,PUBLISHED,Portrait Himself,Oil on Board,29.9 x 37.4 cm,1975,"[""1e1adc9f-3782-42c0-b084-dafb69444048""]",painting,1970s
247,PUBLISHED,Woman on Colored Bed Sheet,Drawing on Lithograph,18.0 x 30.0 cm,2020,"[""fdc7fb9e-fe50-4652-9c23-62bd9ad11ec3""]",printmaking,2020s
248,PUBLISHED,Rubaiyya to Omar Khayyam 4,Etching,50.0 x 70.0 cm,1989,"[""fdc7fb9e-fe50-4652-9c23-62bd9ad11ec3""]",printmaking,1980s
249,PUBLISHED,Wall of Jerusalem 2,Mixed Media On Canvas,60.0 x 60.0 cm,1995,"[""1e1adc9f-3782-42c0-b084-dafb69444048""]",painting,1990s
250,PUBLISHED,Model,Pencil on Paper,50.0 x 70.0 cm,1977,"[""d8b1485c-9f6e-478e-bf45-a9ec7f4c4196""]",paper-work,1970s
251,PUBLISHED,Embrace on Table,Mixed Media on Paper,20.2 x 22.5 cm,1989,"[""d8b1485c-9f6e-478e-bf45-a9ec7f4c4196""]",paper-work,1980s
252,PUBLISHED,Karkoz-Tumbler,Mixed Media On Canvas,30.0 x 35.0 cm,2005,"[""1e1adc9f-3782-42c0-b084-dafb69444048""]",painting,2000s
253,PUBLISHED,Portrait to lover 2,Etching,24.0 x 37.0 cm,2011,"[""fdc7fb9e-fe50-4652-9c23-62bd9ad11ec3""]",printmaking,2010s
254,PUBLISHED,Woman With an Acrobat III,Mixed Media On Canvas,70.0 x 110.0 cm,2002,"[""1e1adc9f-3782-42c0-b084-dafb69444048""]",painting,2000s
255,PUBLISHED,Sexy View on Table,Mixed Media on Paper,37.5 x 46.5 cm,1989,"[""d8b1485c-9f6e-478e-bf45-a9ec7f4c4196""]",paper-work,1980s
256,PUBLISHED,Embrace (1),Mixed Media on Paper,8.0 x 10.0 cm,2021,"[""d8b1485c-9f6e-478e-bf45-a9ec7f4c4196""]",paper-work,2020s
257,PUBLISHED,To Make Love on Table 1,Drypoint on Plastic,33.5 x 37.5 cm,1989,"[""fdc7fb9e-fe50-4652-9c23-62bd9ad11ec3""]",printmaking,1980s
258,PUBLISHED,Two Dancers,Pencil on Paper,15.0 x 23.0 cm,2020,"[""d8b1485c-9f6e-478e-bf45-a9ec7f4c4196""]",paper-work,2020s
259,PUBLISHED,Man With Dove,Mixed Media on Paper,60.0 x 80.0 cm,2003,"[""d8b1485c-9f6e-478e-bf45-a9ec7f4c4196""]",paper-work,2000s
260,PUBLISHED,Woman With an Acrobat VI,Mixed Media On Canvas,94.0 x 128.0 cm,2003,"[""1e1adc9f-3782-42c0-b084-dafb69444048""]",painting,2000s
261,PUBLISHED,Tragedy Dream,Oil On Canvas,75.0 x 90.0 cm,1989,"[""1e1adc9f-3782-42c0-b084-dafb69444048""]",painting,1980s
262,PUBLISHED,Love and War II,Mixed Media On Canvas,70.0 x 150.0 cm,1990,"[""1e1adc9f-3782-42c0-b084-dafb69444048""]",painting,1990s
263,PUBLISHED,Body From Gypsum,Water Colors and Pencil on Paper,50.0 x 70.0 cm,1978,"[""d8b1485c-9f6e-478e-bf45-a9ec7f4c4196""]",paper-work,1970s
264,PUBLISHED,Two Head in Napping,Mixed Media On Canvas,75.0 x 90.0 cm,1989,"[""1e1adc9f-3782-42c0-b084-dafb69444048""]",painting,1980s
265,PUBLISHED,Dove XVI,Mixed Media On Canvas,40.0 x 45.0 cm,2003,"[""1e1adc9f-3782-42c0-b084-dafb69444048""]",painting,2000s
266,PUBLISHED,Dancing on The Bed,Mixed Media On Canvas,60.0 x 120.0 cm,2020,"[""1e1adc9f-3782-42c0-b084-dafb69444048""]",painting,2020s
267,PUBLISHED,Alkerkoz and Dove,Mixed Media On Canvas,60.0 x 80.0 cm,2010,"[""1e1adc9f-3782-42c0-b084-dafb69444048""]",painting,2010s
268,PUBLISHED,Alkerkoz Lover with A Dove,Mixed Media On Canvas,60.0 x 80.0 cm,2010,"[""1e1adc9f-3782-42c0-b084-dafb69444048""]",painting,2010s
269,PUBLISHED,Two Heads in A Dance,Mixed Media on Paper,50.0 x 70.0 cm,1990,"[""d8b1485c-9f6e-478e-bf45-a9ec7f4c4196""]",paper-work,1990s
270,PUBLISHED,Man in Love,Mixed Media On Canvas,60.0 x 70.0 cm,2009,"[""1e1adc9f-3782-42c0-b084-dafb69444048""]",painting,2000s
271,PUBLISHED,Acrobat Lover,Mixed Media on Paper,50.0 x 70.0 cm,1999,"[""d8b1485c-9f6e-478e-bf45-a9ec7f4c4196""]",paper-work,1990s
272,PUBLISHED,Prisoner The Wall,Etching,24.5 x 30.0 cm,1979,"[""fdc7fb9e-fe50-4652-9c23-62bd9ad11ec3""]",printmaking,1970s
273,PUBLISHED,A Genie and An Angel,Mixed Media on Paper,20.0 x 23.0 cm,2020,"[""d8b1485c-9f6e-478e-bf45-a9ec7f4c4196""]",paper-work,2020s
274,PUBLISHED,Clown in Love,Mixed Media On Canvas,70.0 x 90.0 cm,1999,"[""1e1adc9f-3782-42c0-b084-dafb69444048""]",painting,1990s
275,PUBLISHED,Man With Capote Wear,Water Colors and Pastel on Paper,50.0 x 70.0 cm,1977,"[""d8b1485c-9f6e-478e-bf45-a9ec7f4c4196""]",paper-work,1970s
276,PUBLISHED,The End,Mixed Media On Canvas,80.0 x 100.0 cm,1990,"[""1e1adc9f-3782-42c0-b084-dafb69444048""]",painting,1990s
277,PUBLISHED,Reclining Heads,Mixed Media On Canvas,70.0 x 80.0 cm,1990,"[""1e1adc9f-3782-42c0-b084-dafb69444048""]",painting,1990s
278,PUBLISHED,An Interstellar Woman (4),Graphic,13.0 x 18.0 cm,2021,"[""fdc7fb9e-fe50-4652-9c23-62bd9ad11ec3""]",printmaking,2020s
279,PUBLISHED,Hot Embrace,Mixed Media on Paper,23.0 x 53.0 cm,2005,"[""d8b1485c-9f6e-478e-bf45-a9ec7f4c4196""]",paper-work,2000s
280,PUBLISHED,Woman with Dove,Mixed Media On Canvas,70.0 x 90.0 cm,2012,"[""1e1adc9f-3782-42c0-b084-dafb69444048""]",painting,2010s
281,PUBLISHED,Drop Into The Golden Box 2,Mixed Media On Canvas,85.0 x 100.0 cm,1990,"[""1e1adc9f-3782-42c0-b084-dafb69444048""]",painting,1990s
282,PUBLISHED,Scream and Anger,Mixed Media On Canvas,66.0 x 91.0 cm,2016,"[""1e1adc9f-3782-42c0-b084-dafb69444048""]",painting,2010s
283,PUBLISHED,Dance Legs,Oil On Canvas,130.0 x 130.0 cm,1988,"[""1e1adc9f-3782-42c0-b084-dafb69444048""]",painting,1980s
284,PUBLISHED,Woman With Taurus,Etching,70.0 x 100.0 cm,2001,"[""fdc7fb9e-fe50-4652-9c23-62bd9ad11ec3""]",printmaking,2000s
285,PUBLISHED,Couple in A Decorated Frame,Graphic Print,37.0 x 55.0 cm,2021,"[""fdc7fb9e-fe50-4652-9c23-62bd9ad11ec3""]",printmaking,2020s
286,PUBLISHED,83g,N/A,30.0 x 35.0 cm,2007,"[""fdc7fb9e-fe50-4652-9c23-62bd9ad11ec3""]",printmaking,2000s
287,PUBLISHED,Drop Into The Golden Box 1,Mixed Media On Canvas,85.0 x 100.0 cm,1990,"[""1e1adc9f-3782-42c0-b084-dafb69444048""]",painting,1990s
288,PUBLISHED,Clown and Dove,Mixed Media On Canvas,60.0 x 80.0 cm,2013,"[""1e1adc9f-3782-42c0-b084-dafb69444048""]",painting,2010s
289,PUBLISHED,Man in Love With Dove,Mixed Media on Paper,60.0 x 80.0 cm,2006,"[""d8b1485c-9f6e-478e-bf45-a9ec7f4c4196""]",paper-work,2000s
290,PUBLISHED,Karkoz-Tumbler,Mixed Media On Canvas,30.0 x 35.0 cm,2005,"[""1e1adc9f-3782-42c0-b084-dafb69444048""]",painting,2000s
291,PUBLISHED,Head from Lazulit,Mixed Media On Canvas,60.0 x 60.0 cm,1989,"[""1e1adc9f-3782-42c0-b084-dafb69444048""]",painting,1980s
292,PUBLISHED,Kiss in Spring,Etching,39.0 x 44.0 cm,2004,"[""fdc7fb9e-fe50-4652-9c23-62bd9ad11ec3""]",printmaking,2000s
293,PUBLISHED,Clown 2,Drawing on a Graphic Edition,50.0 x 60.0 cm,2014,"[""fdc7fb9e-fe50-4652-9c23-62bd9ad11ec3""]",printmaking,2010s
294,PUBLISHED,Find Shelter,Intaglio,24.5 x 27.5 cm,1979,"[""fdc7fb9e-fe50-4652-9c23-62bd9ad11ec3""]",printmaking,1970s
295,PUBLISHED,Two Lovers in An Embrace,Mixed Media on Paper,22.0 x 22.0 cm,2017,"[""d8b1485c-9f6e-478e-bf45-a9ec7f4c4196""]",paper-work,2010s
296,PUBLISHED,Man With OX,Mixed Media On Canvas,70.0 x 110.0 cm,2000,"[""1e1adc9f-3782-42c0-b084-dafb69444048""]",painting,2000s
297,PUBLISHED,The King With His Mistress,Mixed Media on Paper,68.0 x 82.0 cm,2001,"[""d8b1485c-9f6e-478e-bf45-a9ec7f4c4196""]",paper-work,2000s
298,PUBLISHED,Eve,Oil On Canvas,51.5 x 67.7 cm,1988,"[""1e1adc9f-3782-42c0-b084-dafb69444048""]",painting,1980s
299,PUBLISHED,Woman With Dove II,Mixed Media On Canvas,80.0 x 100.0 cm,2003,"[""1e1adc9f-3782-42c0-b084-dafb69444048""]",painting,2000s
300,PUBLISHED,Two Man in The Box,Etching,29.0 x 41.0 cm,1979,"[""fdc7fb9e-fe50-4652-9c23-62bd9ad11ec3""]",printmaking,1970s
301,PUBLISHED,Two Sleeping Heads I,Mixed Media on Paper,52.0 x 64.0 cm,1989,"[""d8b1485c-9f6e-478e-bf45-a9ec7f4c4196""]",paper-work,1980s
302,PUBLISHED,The Seeing Mirage,Pencil on Paper,41.9 x 59.0 cm,1980,"[""d8b1485c-9f6e-478e-bf45-a9ec7f4c4196""]",paper-work,1980s
303,PUBLISHED,Breasts on Table,Mixed Media on Paper,28.8 x 30.0 cm,1989,"[""d8b1485c-9f6e-478e-bf45-a9ec7f4c4196""]",paper-work,1980s
304,PUBLISHED,The Dream Swamp,Oil On Canvas,90.0 x 60.0 cm,1980,"[""1e1adc9f-3782-42c0-b084-dafb69444048""]",painting,1980s
305,PUBLISHED,Dove in The Grip of Leader,Mixed Media On Canvas,60.0 x 80.0 cm,2016,"[""1e1adc9f-3782-42c0-b084-dafb69444048""]",painting,2010s
306,PUBLISHED,Portrait Himself II,Oil On Canvas,30.0 x 40.0 cm,1977,"[""1e1adc9f-3782-42c0-b084-dafb69444048""]",painting,1970s
