Title,Description,Year,Era,Size
Cuddle and Hug,"**“Cuddle and Hug”**

A collection of five artworks drawn on **200 gsm paper** using various materials and colors by **HAYAN**.

Each artwork measures **8.0 × 10.0 cm** and is mounted within a **raised embossed paper frame** measuring **15.0 × 20.0 cm**.

Each work is **signed on both the front and back, stamped, and dated by the artist**.
",2022,2020s,15.0 x 20.0 cm
In the Circus Player's Room,"**“IN the Circus – Players' Room”**

A collection of five artworks drawn on **300 gsm paper** using various materials and colors by **HAYAN**.

Each artwork measures **11.5 × 16.5 cm** and is mounted within a raised embossed paper frame measuring **23.0 × 28.0 cm**.

Each work is signed on the front and back, stamped, and dated by the artist.
",2020,2020s,23.0 x 28.0 cm
Lovemaking with Angel,"**“Lovemaking with Angel”**

This collection consists of artworks executed using various materials and techniques on **300 gsm Canson paper**, under the title **“Lovemaking with Angel.”**

The series explores a moment in which the mind drifts away from reality and two souls merge into another realm, inhabiting a dream where gazes meet and kisses are exchanged, surrounded by an atmosphere of emotion and intimacy. In this dream, love is expressed through the eyes, while the physical body fades away and is replaced by the angel, transforming the encounter into a state of spiritual purity and transcendent emotion.

The collection comprises five artworks, each measuring **37.5 × 49.5 cm**. The works are preserved in a paper box envelope handmade and designed by the artist. They are signed, stamped, and dated by the artist.
",2007,2000s,37.5 x 49.5 cm
Romance Kiss 2,"**“Romance Kiss 2”**

This collection consists of artworks executed on **300 gsm Canson paper**, using various artistic materials and techniques, under the title **“Romance Kiss 2.”**

The series portrays a face bearing the traces of a lover’s lips after a romantic kiss, evoking the lasting impression that such a kiss leaves upon memory and the emotions.

The collection comprises five artworks, each measuring **49.5 x 37.5 cm**.

The works are preserved in a paper box envelope, handmade and designed by the artist. They are signed, stamped, and dated by the artist.
",2006,2000s,49.5 x 37.5 cm
Carnival of Kerkoz,"**“Carnival of Kerkoz”**

This collection consists of works on paper executed using various artistic techniques and materials, under the title **“Carnival of Kerkoz.”**

The collection comprises five artworks, each measuring **30 × 35 cm**.

The works are preserved in a paper box envelope and are signed, dated, and stamped by the artist.
",2010,2010s,30.0 x 35.0 cm
Faces in A Book 2,"This Collection of Faces
Differed in Forms, Colors and Expressions, While the Spirit of His Spirit Remained
Unchanged, so The Collection of Time and Place Came out In This Book, Which Consists of **(Three Parts)** and This Book the (Second Part) Contains **(12)** Face Painted with Different Materials on (Cardboard) Collected in A Book Measured **(33.0x47.5) cm** of Work and Design Artist Sealed, Signed and Dated.",2004,2000s,33.0 x 47.5 cm
Dancing on The Bed Ap5,"**Dancing on The Bed**

A series of **five graphic works** executed using the **intaglio printing technique** by **HAYAN**.

The edition consists of **25 sets**. The prints are signed in pencil on the front and marked in green on the reverse.

The edition also includes **6 artist’s proofs (AP)**, signed in black on the front and marked in red on the reverse.

Printed on **300 gsm Canson paper** at the artist’s studio in **Baghdad**.
",2020,2020s,N/A
Dream Lover,"Drawing Book Titled (Dream Lover) Painted with Mixed
Media on Paper Canson Weight (300gr) Size (150 × 20cm
Two-Sided) of The Work and The Design of The Artist
Signed and Sealed So.",2010,2010s,150.0 x 20.0 cm
Homage to Guevara,"**“Homage to Guevara”**

I dedicate this collection, together with the friends who accompany me and whom I have portrayed in these works, to the greatest revolutionary of the twentieth century.

This collection of works on paper was executed using various artistic materials and techniques on **Arches paper**, under the title **“Homage to Guevara.”**

The collection comprises eight artworks, each with an overall size of **49 cm × 60**, while the actual drawn area measures **28 × 39.5 cm**.

The collection is preserved in a paper box envelope handmade and designed by the artist. The works are signed, stamped, and dated by the artist.
",2003,2000s,49.0 x 60.0 cm
Hot Kiss,"**“Hot Kiss”**

This collection consists of artworks executed on **French Canson paper**, using various artistic materials and techniques, under the title **“Hot Kiss.”**

The series explores an intimate moment shared between two people, in which their emotions intertwine and their souls draw closer in a profound emotional encounter, completed by a passionate kiss that expresses the intensity of longing and the height of emotional feeling.

The collection comprises five artworks, each measuring **37.5 × 50 cm**. The works are preserved in a paper box envelope handmade and designed by the artist. They are signed, stamped, and dated by the artist.
",2004,2000s,37.5 x 50.0 cm
Dancing on The Bed (graphic),"**“Dancing on The Bed”**

A series of **five graphic works** executed using the **intaglio printing technique** by **HAYAN**.

The edition consists of **25 sets**. Each print is **signed in pencil on the front and numbered in green on the reverse**.

In addition, there are **6 artist’s proofs (AP)**, signed in black on the front and marked in red on the reverse.

The works were printed on **300 gsm Canson paper** at the artist’s studio in **Baghdad**.
",2020,2020s,N/A
Faces in A Book 1,"This Collection of Faces Differed in Forms, Colors and Expressions, While the Spirit of His Spirit Remained Unchanged, so The Collection of Time and Place Came out In This Book, Which Consists of **(Three Parts)** and This Book the (First Part) Contains **(12)** Face Painted with Different
Materials on (Cardboard) Collected in A Book Measured **33.0x47.5 cm** of Work and Design Artist Sealed, and Dated.",2004,2000s,33.0 x 47.5 cm
Portrait of Kerkoz 1,"**“Portrait of Kerkoz 1”**

This collection consists of works on paper executed using various artistic techniques and materials, under the title **“Portrait of Kerkoz.”** The series consists of five parts, and this collection represents the **first part**.

The collection comprises five artworks, each measuring **30 × 35 cm**.

The works are preserved in a paper box envelope and are signed, dated, and stamped by the artist.
",2014,2010s,30.0 x  35.0 cm
The Love Story,"Drawing Book Titled (The Love Story of Two Lovers)
Painted with Maxed Media on Paper Canson Weight (300 Gr) Size (170 × 20cm Two-Sided) of The Work and The Design of The Artist Signed and Sealed So.",2012,2010s,170.0 x 20.0 cm
Faces & Dove,"**“Faces and Dove”**

Human faces embraced and cherished the dove, making it both the beloved and the lover. How could they not, when the dove is a symbol of love and peace, and a symbol of life itself?

This collection of artworks was executed using various artistic materials and techniques on **canvas**, under the title **“Faces and Dove.”**

The collection comprises five artworks, each with an overall paper size of **63.5 × 59.0 cm**, while the canvas on which the artwork is painted measures **43.0 × 35.0 cm**.

The collection is preserved in a paper box envelope handmade and designed by the artist. The works are signed, stamped, and dated by the artist.
",2003,2000s,63.5 x 59.0 cm
Picture of Kerkoz Beau 1,"**“Picture of Kerkoz Beau 1”**

This collection consists of works on paper executed over printed **Kerkoz** prints, under the title **“Portrait of the Lover Puppet.”** The series consists of three collections, and this represents the **first part**.

The collection comprises five artworks, each measuring **55 × 37.3 cm**, while the actual drawn area measures **24 × 40 cm**.

The works are preserved in a paper envelope handmade and designed by the artist. They are stamped and signed by the artist.
",2011,2010s,55.0 x 37.3 cm
Portrait to Lover 1,"**“Portrait to Lover 1”**

This collection consists of artworks executed on **300 gsm Canson paper**, using various artistic materials and techniques, under the title **“Portrait to Lover 1.”**

The collection presents a portrait of the lover, serving as a **photographic documentation through time of his emotional and sentimental state**.

The collection comprises five artworks, each measuring **49.5 × 37.5 cm**.

The works are preserved in a paper box envelope, handmade and designed by the artist. They are signed, stamped, and dated by the artist.
",2006,2000s,49.5 x 37.5 cm
The Kiss 1,"**“The Kiss 1”**

This collection consists of artworks executed on **180 gsm Canson paper**, using various artistic materials and techniques.

The collection is titled **“The Kiss”** and forms part of the **“Lover’s Face”** series, which consists of three parts. This collection represents the **first part** of the series and explores one of the themes of love.

The series revolves around two lovers and the conversations of affection and love shared between them, culminating in a kiss that remains in their memory, carrying with it the warmth and intensity of their lips and the sweetness of the kiss.

The collection comprises five artworks, each measuring **50 × 50 cm**. The works are preserved in a paper envelope handmade and designed by the artist, and are signed and dated by the artist.
",2002,2000s,50.0 x 50.0 cm
Black & White Faces 2,"This collection of works on paper was executed using a variety of artistic materials and techniques. The collection consists of two parts, with this **second part** titled **“Black & White Faces.”**

The collection comprises five artworks. Each work has an overall size of **45 × 35 cm**, while the actual drawn area measures **26.5 × 30 cm**.

The works are preserved in a paper box envelope handmade and designed by the artist. All five works are signed and dated by the artist.
",2003,2000s,45.0 x 35.0 cm
Lovesick Joker,"This collection consists of artworks executed on Arches paper using a variety of artistic materials and techniques. The series explores the theme of the **lovesick joker**—a figure exhausted by love and consumed by longing. The clown is constantly devoted to serving and pleasing others, bringing them happiness and love, and placing joy in their hearts, while inwardly he struggles with the pain of love and the burning intensity of passion, unnoticed by everyone around him.

The collection comprises five artworks, each measuring **28 × 33 cm**. The works are preserved in a paper envelope designed and handmade by the artist. All five works are signed and dated by the artist.
",1999,1990s,28.0 x 33.0 cm
Faces in A Book 3,"This Collection of Faces
Differed in Forms, Colors and Expressions, While the Spirit of His Spirit Remained
Unchanged, so The Collection of Time and Place Came out In This Book, Which Consists of
**(Three Parts)** and This Book the (Third Part) Contains **(12)** Face Painted Materials on (Cardboard) Collected in A Book Measured **(33.0x47.5) cm** of Work and Design Artist Sealed, Signed and Dated with Different Materials on (Cardboard) Collected in A Book Measured **(33.0x47.5) cm** of Work and
Design Artist Sealed, Signed and Dated.",2004,2000s,33.0 x 47.5 cm
Godfathers Love 2,"**“Godfathers Love  2”**

This collection consists of artworks executed on **180 gsm Canson paper**, using various artistic materials and techniques. It represents the **second part of the “Godfathers Love” series**.

The collection explores the figure of the man who embodies the role of the **spiritual father of love**—a man who has delved deeply into the world of love until he has become a symbol of it and an embodiment of its meanings and manifestations.

The collection comprises five artworks, each measuring **30 × 35 cm**. The works are preserved in a paper envelope handmade and designed by the artist, and are signed and dated by the artist.
",2002,2000s,30.0 x 35.0 cm
Minotaurs Mask,"This collection consists of artworks executed on Arches paper using a variety of artistic materials and techniques. The series explores **masks inspired by the image of the Minotaur**, the mythical creature with the head of a bull, symbolizing masculinity, virility, and fertility. These masks are worn by different individuals—men, gentle and solitary figures, and even women—suggesting the multiplicity of human identities and the intersection of symbols associated with strength, fertility, and instinct.

The collection comprises five artworks, each measuring **28 × 33 cm**. The works are preserved in a paper envelope handmade and designed by the artist, and all five works are signed and dated by the artist.
",1999,1990s,28.0 x 33.0 cm
Crying Man,"This collection consists of artworks executed on **French Canson paper**, using various artistic materials and techniques, under the title **“Crying Man.”**

The collection was created in remembrance and tribute to the artist **Ismail Fattah Al-Turk**, honoring his artistic legacy and his devotion to art and humanity. These works were inspired by the memory of the last conversation I had with him over the phone, when he was crying, sharing with me the pain of the tragic illness that eventually took him from us. His beautiful legacy, however, remains forever alive in the souls of those who knew him.

The collection comprises five artworks, each measuring **37.5 × 50 cm**. The works are preserved in a paper box envelope handmade and designed by the artist. All five works are signed, stamped, and dated by the artist.
",2004,2000s,37.5 x 50.0 cm
Portrait of Kerkoz 3,"**“Portrait of Kerkoz 3”**

This collection consists of works on paper executed using various artistic techniques and materials, under the title **“Portrait of Kerkoz.”** The series consists of five parts, and this collection represents the **third part**.

The collection comprises five artworks, each measuring **30 × 35 cm**.

The works are preserved in a paper box envelope, handmade and designed by the artist **Hayan**. They are signed, dated, and stamped by the artist.
",2014,2010s,30.0 x 35.0 cm
Colored Faces,"This collection consists of works on paper executed using various artistic materials and techniques on **300 gsm Canson paper**. The collection is titled **“Colored Faces.”**

The collection comprises five artworks, each with an overall size of **54.5 × 64 cm**, while the actual drawn area measures **37.5 × 44.5 cm**.

The works are preserved in a paper box envelope handmade and designed by the artist. All five works are signed, stamped, and dated by the artist.
",2005,2000s,54.5 x 64.0 cm
Picture of Tumbler,"**“Picture of Tumbler”**

This collection consists of works on paper executed using various artistic techniques, under the title **“Picture of Tumbler.”**

The collection comprises five artworks, each measuring **30 × 35 cm**.

The works are preserved in a paper box envelope and are signed, dated, and stamped by the artist.
",2016,2010s,30.0 x 35.0 cm
Dancing on The Bed,"**Dancing on The Bed**

A series of **five graphic artworks** by **HAYAN**, created using the **intaglio printing technique**.
",2020,2020s,N/A
Kerkoz Masks V,"**“Kerkoz Masks V”**

This collection consists of works on paper executed using various artistic techniques and materials, under the title **“Kerkoz Masks.”** The series is composed of six parts, and this collection represents the **fifth part** of the series.

The collection comprises five artworks, each measuring **30 × 35 cm**.

The works are preserved in a paper box envelope and are signed, dated, and stamped by the artist.
",2010,2010s,30.0 x 35.0 cm
Girl & Gene,"**GIRL AND GENIE**

A collection of **five artworks** drawn on **300 gsm paper** using various materials and colors by **HAYAN**.

Each artwork measures **22.0 × 22.0 cm**.

Each work is **signed on the front and back, stamped, and dated by the artist**.
",2021,2020s,22.0 x 22.0 cm
Knight with Sweetheart,"**“Knight with Sweetheart”**

This collection consists of artworks executed on **180 gsm Canson paper**, using various artistic materials and techniques, under the title **“Knight with Sweetheart.”**

The collection explores the figure of a man who becomes a courageous knight in love for the sake of his beloved, embodying qualities of masculinity such as strength, chivalry, and virility. His purpose is to protect his beloved, preserve her and their love, and remain willing to sacrifice himself for them.

The collection comprises five artworks, each measuring **30.5 × 35 cm**. The works are preserved in a paper envelope handmade and designed by the artist, and are signed and dated by the artist.
",2001,2000s,30.5 x 35.0 cm
Faces in Faces,"**“Faces in Faces”**

This collection consists of works on paper executed using various artistic techniques and materials, under the title **“Faces in Faces.”**

The collection comprises five artworks, each measuring **30 × 35 cm**.

The works are preserved in a paper envelope handmade and designed by the artist. They are signed, dated, and stamped by the artist.
",2009,2000s,30.0 x 35.0 cm
Delliances Love 1,"This is the **first group** of artworks in the series titled **“Delliances Love.”** The series is composed of four groups, all presented under a single overarching title.

The works were executed on **canvas** using various artistic materials and techniques. The subject revolves around a man and a woman united by love, seeking to sustain their bond through playful affection that brings vitality and joy to their relationship. This idea is expressed through a variety of symbolic forms, including the heart, the bull’s head, the masked face of the man, the clown’s mask, and other forms that intertwine between the two figures, stirring emotions and breaking monotony. Through these elements, the works explore the continuation of love, the preservation of intimate affection, and the strengthening of the bond that forms the foundation between a man and a woman, making their love enduring and eternal for as long as they remain together.

This group is designated **No. 1 of “Delliances Love”** and comprises four artworks, each measuring **33 × 43 cm**. The works are mounted on paper measuring **50 × 70 cm**, which is printed with a **raised relief** framing the four artworks.

All the works are preserved in a paper envelope handmade and designed by the artist, and are signed and dated by the artist.
",2000,2000s,50.0 x 70.0 cm
Girl & Genie,"Artbook, Drawing with Different Materials and
Colors on Two Sides,
Drawing a Girl from The Front and A Genie from The
Back, the Size of The Artbook Is **14.5×20.0 cm**,
Stamped, Signed and Dated.",2020,2020s,14.5 x 20.0 cm
