ID,Title,Newspaper,Summary,Writer,Date
1,Initial Indications Regarding the Sixth Party Exhibition,Al-Thawra,"The text mentions Hayan Abdul Jabbar among the young artists participating in the exhibition and describes his work as “more than excellent,” reflecting strong recognition of his artistic talent and potential within his generation.",Mohammed Abdulmajeed,04/11/1979
2,Exhibitions of Planning and Creativity in Contemporary Iraqi Art,Al-Thawra,"The text notes the influence of graphic art on Hayan Abdul Jabbar’s drawings, relating this to his study and practice of graphic art. It places him among the young graduates of the Institute of Fine Arts who contributed to the development of Iraqi drawing and graphic art.",Rafa Al-Nasiri,02/11/1980
3,The Iraqi Cultural Centre in London Presents: Biennial of The Third World,Al-Gomhuria,"The text mentions Hayan Abdul Jabbar among the Iraqi artists participating in the Third World Graphic Art Biennial, alongside several prominent Iraqi graphic artists. His inclusion reflects his presence in Iraq’s participation in international events dedicated to graphic art.",'-,03/29/1980
4,A Global Art Exhibition in Baghdad,Qadisiyah Saddam,"The text mentions Hayan Abdul Jabbar among the Iraqi artists participating in the Third World Graphic Art Exhibition, alongside a number of Iraqi graphic artists. His inclusion reflects his participation in Iraq’s representation at this international graphic art event.",Khawla Ibraheem,09/09/1982
5,A New Art Exhibition Is Being Held in The Professional Gallery,Euyun Al Madina,"The text announces Hayan Abdul Jabbar’s solo exhibition at Al-Mohtaraf Gallery in Mansour, featuring a large collection of paintings and graphic artworks.",'-,1990/4
6,'-,'-,"The text announces Hayan Abdul Jabbar’s solo exhibition at Al-Orfali Gallery in Mansour, featuring works in graphic art and painting.",'-,1990/4
7,Basic Performance Material,Al Qadisiya,"The text examines Hayan Abdul Jabbar’s graphic art practice, highlighting his reduction of the human figure—particularly the head—and his repeated development of it through varied forms as a means of exploring character, spirit, and the human condition. It emphasizes the clarity of his symbols and his effort to establish a connection with the viewer, while combining Iraqi graphic art achievements with international approaches. The result is described as a distinctive style that brings together modernity and local artistic identity, forming the basis of his forthcoming solo exhibition.",'-,03/19/1990
8,"Drawing on Paper and Graphic Design Is More Difficult, and The Colors Are More Beautiful",Al-Gomhuria,"The text discusses Hayan Abdul Jabbar’s first exhibition, praising his use of color as a central element in the composition and as a means of engaging the viewer. It also highlights the influence of Rafa Al-Nasiri’s techniques while emphasizing Hayan’s potential to develop his own distinctive artistic style. The human head is identified as the central motif in his work, explored through various forms to express his ideas and impressions of life and people. The text also emphasizes his commitment to graphic art as a more demanding medium requiring continued experimentation and research.",Khawla Ibraheem,04/19/1990
9,Between Movement and Stillness,Al Qadisiya,"The text examines Hayan Abdul Jabbar’s artistic development between movement and stillness, focusing on his reduction of the human figure into parts—particularly the legs and later the head—to express human conditions and reflections on existence. It connects his work to his military service experience, which influenced both his oil paintings and zinc-plate engravings. The text praises the maturity, sincerity, and expressive vitality of his work, viewing his first exhibition as the beginning of a promising artistic path toward a more complete and distinctive style.",May Muzaffar,04/23/1990
10,Hayan at A Crossroads,Al-Gomhuria,"The text offers a critical reading of Hayan Abdul Jabbar’s artistic practice, describing him as positioned between two distinct approaches: graphic art and oil painting. His graphic works are seen as more figurative and focused on the personification of conflict, while his oil works move toward abstraction and greater freedom in line and color. The text also acknowledges the influence of Rafa Al-Nasiri, while noting that Hayan’s first exhibition demonstrated his ability to move beyond the learning stage and search for his own artistic language. His experience is presented as distinctive among his generation, particularly through his abstract works and their emphasis on the independent visual power of painting.",Farouk Youssef,04/25/1990
11,Color Details,Al Qadisiya,"The text examines Hayan Abdul Jabbar’s first solo exhibition, focusing on his process of discovering and developing ideas through graphic art and oil painting on paper. It highlights the influence of Rafa Al-Nasiri as part of Hayan’s period of learning and experimentation, while emphasizing his gradual development of an independent artistic language. The human head emerges as the central and recurring motif in his works, explored through varied forms, colors, and relationships to express ideas, symbols, and human anxiety. The text also emphasizes the importance of color and repetition in his practice, with variations in execution serving as a means of continued artistic exploration and discovery.",Maad Fayyad,04/30/1990
12,Wellness and Enjoyment,Al-Thawra,"The text discusses Hayan Abdul Jabbar’s practice in painting and graphic art, noting the clear stylistic and technical influence of Rafa Al-Nasiri and Ali Talib. It praises his skill in handling form, line, color, and composition, and presents him as a young artist with strong technical abilities and clear potential to develop an independent artistic language. His work is characterized as a combination of technical refinement and an ongoing search for a distinctive mode of expression.",Mohammed Al-Jazairi,05/13/1990
13,The Dream Outside the Painting,Asharq Al-Awsat,"The text examines Hayan Abdul Jabbar’s solo exhibition, focusing on his search for ideas and their transformation into visual forms through graphic art and oil painting on paper. The human head is presented as the central motif of his work, repeatedly explored through different forms, directions, colors, and relationships, with repetition serving as a method of artistic investigation and discovery. The text also highlights the influence of Rafa Al-Nasiri on Hayan’s style and techniques, while presenting this influence as part of his experimentation and development of an independent artistic language. His experience on the battlefronts is connected to his use of the military helmet as a symbolic extension of the human head. Hayan is characterized as a “thinking painter” whose work emphasizes ideas, color, mass, fragmentation, and visual interaction.",Maad Fayyad,05/16/1990
14,Visual Artist Hayan Abdul Jabbar,Students and Youth,"The text presents Hayan Abdul Jabbar as a distinctive member of the younger generation of Iraqi visual artists, noting his graduation from the Institute of Fine Arts in Baghdad, Graphic Arts Department. It explains that his military service influenced certain expressive aspects of his oil paintings, while his graphic works were distinguished by a strong technical dimension. Hayan describes his solo exhibition as a culmination and development of his artistic experience, crediting his study under Rafa Al-Nasiri and his continued work at his studio with developing his technical skills and enriching his use of color, space, and composition. The text also notes his participation in numerous exhibitions in Iraq and abroad, and the development of his oil works, particularly their use of color and focus on the human head as a subject with intellectual and human dimensions.",Makki Al-Obaidi,05/23/1990
15,Three Experiences in Mohtaraf Al-Nasri,Rawaq Al Qadisiya,"The text examines Hayan Abdul Jabbar’s work within the activities of Al-Mohtaraf, describing it as centered on a recurring theme concerning the tense relationship between the human figure and its surrounding environment. The human figure, represented through the head integrated with the body, appears in states of protest and alertness, with particular emphasis on the lips as an expressive element of movement and action. The text also notes his use of surrounding elements and open space to invite contemplation, while acknowledging the continuing influence of Rafa Al-Nasiri and presenting Hayan’s work as part of an individual exploration of graphic art and its possibilities within his own artistic formulation.",Saad Hadi,06/25/1990
16,The Mohtaraf Hall / a Return to Privacy or A Remembrance of The Past,Al-Mawied,"The text discusses Hayan Abdul Jabbar’s return to painting after a long absence, noting that his works combine elements of his earlier practice with new and more expansive directions, particularly in his treatment of surfaces and color. It considers his works presented at Al-Mohtaraf after his return among those that most confidently point toward the future while retaining traces of the transformations in his earlier artistic development. The text also highlights his history at the graphic workshop, where he began as Rafa Al-Nasiri’s student before becoming his colleague, emphasizing the evolution of his style and his ability to move beyond his previous work.",Saad Hadi,10/21/1998
17,Two Exhibitions in One,Al-Mawied,"The text notes Hayan Abdul Jabbar’s participation in exhibitions held by the Ur and Al-Mohtaraf galleries, where his graphic works were presented alongside works by prominent Iraqi visual artists. His graphic art is identified as part of the production associated with Rafa Al-Nasiri’s studio, reflecting the technical and executional characteristics for which the workshop was known.",'-,04/07/1999
18,Al Mohtaraf Graphics... a Distinctive Experience,Alf Ba',"The text discusses Hayan Abdul Jabbar’s participation in a graphic art exhibition at Al-Mohtaraf, where he presented two figurative works demonstrating strong compositional ability, effective distribution of surfaces, and an accomplished treatment of light. He also showed skill in handling printmaking materials, with some colors added after the printing process. Despite his limited participation in the field, the critic anticipated that Hayan would attain a distinctive position in graphic art within the Iraqi art movement.",Hussein Al-Husseini,06/30/1999
19,"Hayan Abdul Jabbar.
The Body, or Self-Gladiation",Al-Thawra,"The text examines Hayan Abdul Jabbar’s artistic practice through the human body as a central subject of visual expression and aesthetic inquiry. It highlights his use of color, line, symbols, and artistic materials to transform the body into a vehicle for expressing memory, emotion, and life. Faces, heads, and bodies recur throughout his works, carrying a sense of ambiguity and tension, while the viewer is considered an essential participant in completing the work’s aesthetic meaning.",Salah Abbas,04/11/2002
20,Iraqi Graphic: Initial Observations,Al-Thawra,"The text highlights the role of Hayan Abdul Jabbar’s graphic studio in the development of graphic art in Iraq, identifying it as one of the graphic workshops that contributed to strengthening and expanding the practice of the medium. Hayan is also placed among the generation of Iraqi graphic artists who emerged through the experience of Rafa Al-Nasiri’s studio and contributed to the growing presence of graphic art within the Iraqi visual arts movement.",Salah Abbas,11/19/2002
21,"Iraqi Sculpture Loses One of Its Giants
Ismail Fattah Al-Turk
a Keen Eye and Creative Hands",'-,"The text includes the testimony of artist Hayan Abdul Jabbar in remembrance of Ismail Fattah Al-Turk, recalling his relationship with him and with the wider Iraqi artistic community. Hayan speaks of Ismail’s artistic and human qualities, emphasizing his generosity and his supportive relationship with artists and younger generations. The text also refers to a letter Ismail sent to Hayan from Abu Dhabi, reflecting the continued artistic and personal connection between them toward the later period of Ismail’s life.",Safi Al-Yasiri,07/25/2004
22,Facial Expressions and Their Implications: Hayan Abdul Jabbar's Experience as A Model,Al Ittihad,"The text examines Hayan Abdul Jabbar’s drawings of faces, highlighting his long-standing engagement with the human face as a central subject of aesthetic and existential inquiry. It focuses on his treatment of the head, eyes, and intersecting lines, using the face as a symbol of the human condition and the traces of conflict, war, and destruction, with the recurring presence of the dove as a significant motif. His works are presented as moving beyond direct representation, inviting the viewer to reconsider their meanings through a visual language that combines aesthetic, expressive, and existential dimensions.",Khodair Al-Zaidi,04/26/2006
23,Artist Hayan Abdul Jabbar: There Is No Art without Freedom,Al Ittihad,"The text presents an interview with artist Hayan Abdul Jabbar about his artistic practice and his views on Iraqi art. Hayan emphasizes the importance of freedom in artistic creation, continuous experimentation, and avoiding stylistic repetition, describing style as the artist’s personal signature and subject matter as an expression of his intellectual vision of life. He explains that his works develop around specific themes, complemented by recurring symbols such as the dove, bull, face, heart, and head. He also discusses the influence of Ismail Fattah Al-Turk, viewing artistic influence and exchange as a natural part of artistic development rather than a limitation. Hayan ultimately describes art as an essential part of human existence, combining intellectual, aesthetic, and cultural dimensions and forming an integral part of his life and identity.",Khodair Al-Zaidi,05/16/2006
24,"Artist Hayan Abdul Jabbar: The Greatness of Artistic Vision Lies in Concealment, Revelation, and What Lies Between.",Al Ittihad,"The interview explores Hayan Abdul Jabbar’s approach to artistic vision, with the human being at the center of his practice. He explains that the power of an artwork lies in the balance between revelation and concealment, creating space for deeper visual and intellectual interpretation. His work is presented not as limited to a local context, but as an artistic language intended to engage with the human experience more universally.

Hayan also discusses his graphic art practice, which played an important role in developing his artistic vision and technical skills, particularly through the influence of Rafa Al-Nasiri as his graphic art teacher. He describes color as both a dynamic and aesthetic element capable of stimulating the eye and imagination, while recurring motifs such as the head, body, face, dove, and bull form part of his broader exploration of humanity. He further describes modernity as a process of renewal and departure from convention, while drawing selectively from Mesopotamian and wider human heritage.",Khodair Al-Zaidi,05/17/2006
25,Symbolic Significance Between Form and Vision,Al Muatin,"The text examines Hayan Abdul Jabbar’s use of symbolism in his drawings and artworks, focusing on the face, head, and human body as central elements of his aesthetic and existential inquiry. His faces are presented as more than representations of human form, carrying meanings related to humanity, conflict, vulnerability, and contemplation, with the recurring symbols of the heart and dove.

The text also highlights Hayan’s use of concealment and revelation, intersecting lines, and complex compositions to move beyond the external appearance of the body toward its inner and spiritual dimensions. His works leave space for the viewer to reconstruct and interpret their meanings, while the text notes the influence of Ismail Fattah Al-Turk’s aesthetic and expressive approach on his artistic practice.",Khodair Al-Zaidi,07/04/2006
26,Implications of Imaginative Structure in The Artistic Image,Al Zaman,"The text examines Hayan Abdul Jabbar’s use of the heart, dove, face, and head as recurring symbols within his visual language. It focuses on his representations of faces and bodies as vehicles for expressing the broken, displaced, or contemplative human condition and its broader existential and human meanings.

Rather than simply presenting the external human form, Hayan reconstructs it through lines, intersections, and complex compositions, using concealment, revelation, and symbolism to stimulate the viewer’s imagination and encourage deeper interpretation. The text also highlights the influence of Ismail Fattah Al-Turk on the aesthetic and expressive aspects of Hayan’s practice, while emphasizing Hayan’s individual approach to transforming these influences within his own artistic vision.",Khodair Al-Zaidi,07/09/2006
27,I Work According to An Artistic Vision that Balances Concealment and Revelation.,Al Zaman,"The interview explores Hayan Abdul Jabbar’s approach to constructing an artwork, with the human being identified as the central subject of his practice. He describes artistic vision as a balance between concealment and revelation, allowing the work to suggest meanings rather than presenting them directly and leaving space for reflection and interpretation. The face, body, head, heart, and dove recur as symbolic elements associated with human emotion, conflict, love, and sorrow.

Hayan also discusses his experience with graphic art, which contributed significantly to the development of his technical skills and artistic imagination, and explains how his graphic studies influenced his approach to painting. He emphasizes continuous research and experimentation, considering the cessation of experimentation to be a cessation of artistic development. He further describes color as an aesthetic, intellectual, and dynamic element, and views modernity as a process of renewal and departure from convention while drawing selectively on cultural and historical heritage to develop an artistic vision beyond purely local boundaries.",Khodair Al-Zaidi,07/22/2006
28,Artist Hayan Abdul Jabbar: Symbolic Significance Between Form and Vision,Al Taakhi,"The text examines Hayan Abdul Jabbar’s treatment of the human form and his use of symbolism, with particular emphasis on the face, head, eyes, and body. Rather than treating the figure as direct representation, Hayan reconstructs it through lines, intersections, and complex compositions, bringing together external appearance with inner and spiritual meanings.

The heart and dove appear as recurring symbols associated with humanity, emotion, love, sorrow, and the effects of war and destruction. The faces are interpreted as carrying existential meanings related to vulnerability, displacement, and contemplation. Through the interplay of revelation and concealment, the works leave the viewer space to reconsider and interpret their underlying meanings.

The text also points to the influence of Ismail Fattah Al-Turk’s aesthetic and expressive approach on Hayan’s practice, while emphasizing Hayan’s individual process of reshaping forms and symbols within his own artistic language.",Khodair Al-Zaidi,07/31/2006
29,"The Experience of Hayan Abdul Jabbar as A Model
Facial Sketches",Alsabah Algadeed,"The text examines Hayan Abdul Jabbar’s treatment of the human figure and his use of it as a symbolic language, with particular emphasis on the face, head, eyes, and body. His work is described as going beyond direct representation, reconstructing the human form through lines, intersections, and complex compositions to create existential, spiritual, and open-ended meanings.

The heart, dove, face, and head appear as recurring motifs associated with humanity, love, peace, conflict, and the effects of war and destruction. His faces are presented as conveying states of vulnerability, displacement, and contemplation, encouraging the viewer to reconsider their initial perception of the work.

The text also acknowledges the influence of Ismail Fattah Al-Turk on Hayan’s artistic practice, while emphasizing Hayan’s continued research, experimentation, and transformation of influences within his own visual language. He is presented as an important and influential Iraqi artistic experience, with numerous exhibitions and artistic activities in Iraq and abroad.",Khodair Al-Zaidi,08/17/2006
30,"Meanwhile, the Crisis Is Sweeping Through the Iraqi Art Scene.",Al Sabah,"The text examines Hayan Abdul Jabbar’s artistic practice and his approach to visual art, emphasizing the importance of continuous research and experimentation in developing an artist’s style. Hayan describes style as the artist’s personal signature and argues that repeating the same approach without renewal can bring artistic development to a standstill.

He explains that his work is built around recurring themes and symbols, including the dove, bull, face, heart, and clown’s head, which reflect his intellectual vision of life and humanity. He also emphasizes the importance of freedom in artistic creation and views art as closely connected to beauty, humanity, truth, love, and peace.

The text also notes his exhibitions in Iraq and abroad and his efforts to develop an appropriate artistic direction since the mid-1990s. Hayan discusses the influence of Ismail Fattah Al-Turk, considering artistic influence and exchange a natural part of artistic development while emphasizing that technique alone does not constitute artistic creativity.",Ali Hamoud Al-Hassan,09/17/2006
31,"Visual Artist Hayan Jaber:
Interpretation Is the Realm of The Viewer's Participation.",Al Sabah,"The text examines Hayan Jaber’s artistic practice, highlighting his study of graphic art as a major turning point that expanded his technical skills, visual awareness, and approach to materials and color. It also emphasizes his close association with Rafa Al-Nasiri and his work in the artist’s studio, which contributed significantly to his artistic development.

Hayan is described as using familiar subjects and symbols while transforming them within a distinctive visual environment, leaving the viewer considerable space for interpretation and participation in creating meaning. The text also discusses his interest in the clown as a visually and expressively rich subject, alongside his movement through various human themes as part of his continuing search for an individual artistic language.",Muwaffaq Makki,10/08/2006
32,Painting Transformations,Al Sabah,"The text explores Hayan Abdul Jabbar’s view of the relationship between graphic art and oil painting. He explains that the same subject can be produced through both approaches, with the main differences lying in the methods, materials, and tools of execution, while oil painting allows him to work on a larger scale.

Hayan also discusses the importance of periods of pause between artistic stages as an opportunity to evaluate previous work and prepare for a more developed phase. His earlier works remain present in his studio, where he repeatedly revisits and mentally reworks them as part of his artistic development.

He reflects on the influence of his education at the Institute of Fine Arts and the guidance of several leading artists, particularly Rafa Al-Nasiri, whose teaching instilled in him respect for materials, tools, subject matter, and the fundamentals of artistic practice. The text presents his work in both graphic art and oil painting as part of a long-term process of research and artistic production.",Muwaffaq Makki,01/25/2009
33,Artist Hayan Abdul Jabbar: There Is No Art without Freedom,Al Shabaka Al Iraqiya,"The text presents Hayan Abdul Jabbar’s artistic vision and practice, describing style as the artist’s personal signature and subject matter as an expression of his intellectual and mental understanding of life, experience, and existence. His practice incorporates recurring symbols such as the dove, bull, face, heart, and clown’s head.

Hayan argues that repeating the same artistic approach without continuous experimentation and research leads to the stagnation of an artistic practice, while experimentation is essential for renewal and the development of new subjects and forms. He also considers artistic influence and exchange to be natural, provided that the artist transforms what he learns through an individual artistic identity.

The text presents his understanding of art as an intellectual, aesthetic, and human form of expression closely connected to existence. Hayan emphasizes freedom as a fundamental condition for creativity and associates art with beauty, humanity, truth, love, and peace. His experience is presented as an important and influential contribution to contemporary Iraqi visual art.",Khodair Al-Zaidi,'-
34,"My Heroes Are Lovers
and Their Hearts Are Colorful",Dubai Al-Thaqafiya,"The text examines the artistic practice of Hayan Abdul Jabbar, noting that his upbringing in a family involved in goldsmithing contributed to the development of his aesthetic awareness before he specialized in graphic art at the Institute of Fine Arts. It highlights the influence of graphic-art training and his work at Rafa Al-Nasiri’s studio on the development of his techniques and artistic vision, alongside the influence of several leading Iraqi artists.

His work is presented within a symbolic-expressionist approach, characterized by human bodies, faces, intersecting lines, and recurring symbols such as the dove, heart, bull, and clown. Color plays a central role in his compositions, while elements of ancient Iraqi heritage provide a source for some of his symbolic imagery.

Hayan identifies love as an important theme in his artistic practice and connects his work with lived human experiences. He emphasizes experimentation, artistic dedication, and continuous research as means of avoiding repetition and developing a personal artistic language, while leaving viewers space to interpret the symbols and meanings within his works. The text also notes his participation in numerous exhibitions and his recognition through graphic-art awards.",Jabbar Al-Bahadli,08/15/2006
35,Hayan Abdul Jabbar: The Intimacy of Art and The Requirements of Expression,Al Sabah,"The text examines Hayan Abdul Jabbar’s expressionist practice, emphasizing his interest in the human condition and human relationships, particularly the relationship between man and woman. His works feature dynamic compositions and transformed forms, including distortions of faces and hands that convey states of resistance, liberation, and human anxiety.

The text also emphasizes that Hayan’s works invite contemplation and interpretation rather than relying solely on formal and aesthetic qualities. His artistic approach connects visual expression with emotional, social, and human experience, reflecting his pursuit of a distinctive artistic vision centered on humanity and its changing circumstances.",Khodair Al-Zaidi,04/14/2024
36,Hayan Abdul Jabbar: Clarity of Artistic Vision and Beauty of Expression,Al Sabah,"The text examines the expressionist vision in Hayan Abdul Jabbar’s work, placing the human being at its center through recurring motifs of the body and dove, as well as the man, woman, heart, and face. He uses figurative compositions, symbols, and semiotic references to address human and psychological states associated with alienation, loss, and peace.

The text notes the influence of artist Ismail Fattah Al-Turk while emphasizing Hayan’s ability to transform this influence into an individual artistic approach that reinforces his own visual identity. His work is also characterized by technical control of artistic media and by an approach that engages both the viewer’s intellect and emotions, leaving room for contemplation and interpretation.",Khodair Al-Zaidi,08/29/2022
37,A Chromatic Space... Embarking on Beauty,Al Sabah,"The text mentions Hayan Abdul Jabbar among the artists participating in the “Color Space” exhibition, placing his painting practice within a group of experiences characterized by stylistic development and experimentation with materials and thematic structures. His work is presented as part of a broader movement seeking to develop individual visual languages and distinctive aesthetic visions.",Dr. Jawad Al-Zaidy,08/17/2026
38,Artist Salem Al-Dabbagh: Our Generation Presented the Most Important Components of The Cultural Revolution.,Al Shabaka Al Iraqiya,"The text mentions Hayan Abdul Jabbar among the graduates of the Graphic Arts Department at the Institute of Fine Arts, in the context of a discussion on the generation that contributed to the development of Iraqi abstract and visual art. It highlights the importance of the department in producing artists who became part of the Iraqi visual-art scene, including Hayan Abdul Jabbar.",Khodair Al-Zaidi,01/28/2020
